"id","nome","instituicao","pais"
"05-1A",Miriam Amit,,
"05-1B",Estela Kaufman Fainguelernt,,
"05-1B",Janete Bolite Frant,,
"05-1C",Carolyn A. Maher,,
"05-1D",Bob Speiser,,
"05-1D",Chuck Walter,,
"05-1E",Draga Vidakovic,,
"05-1E",Sarah Berenson,,
"05-1E",Jane Brandsma,,
"05-1F",Margaret M. Balachowski,Michigan Technological University,Estados Unidos
"05-1G",Theodore Chadjipadelis,,
"05-1H",Janet Chaseling,,
"05-1H",Leah Liddell,,
"05-1H",Karen Harris,,
"05-1I",Vince Geiger,Hillbrook Anglican School,Austrália
"05-1I",Rex Boggs,Glenmore State High School,Austrália
"05-1J",Hartley Hyde,,
"05-1J",James Nicholson,,
"05-1K",James Nicholson,,
"05-1L",Margaret Rangecroft,,
"05-1M",Alan Rogerson,Melbourne Grammar School,Austrália
"05-2A",Martha Bilotti-Aliaga,University of Michigan,Estados Unidos
"05-2B",Brenton Dansie,,
"05-2C",Allan J. Rossman,Dickinson College,Estados Unidos
"05-2C",Beth L. Chance,University of the Pacific,Estados Unidos
"05-2D",Jeffrey A. Witmer,,
"05-2E",Gail E. Fitzsimons,,
"05-2F",Eric R. Sowey,,
"05-2G",David A. Swanson,,
"05-2G",Jerome N. Mckibben,,
"05-2H",William L. Carlson,St Olaf College,Estados Unidos
"05-2I",K .L. D. Gunawardena,,
"05-2J",Eddie Shoesmith,,
"05-2K",Dave Saville,,
"05-2K",Graham Wood,,
"05-2L",Elliot A. Tanis,Hope College,Estados Unidos
"05-2M",Glenys Bishop,,
"05-2N",George Cobb,,
"05-2N",Weiwen Miao,,
"05-2O",Ho Siong Lin,Ngee Ann Polytechnic,Singapura
"05-2P",Robin H. Lock,,
"05-2Q",Gudmund R. Iversen,,
"05-2R",Bruno Lecoutre,Université de Rouen Mathématiques,França
"05-2S",Milo Schield,,
"05-2T",Dalene K. Stangl,,
"05-2U",Ray Chambers,The University of Southampton,Reino Unido
"05-2U",Chris Skinner,The University of Southampton,Reino Unido
"05-2V",Flavia Jolliffe,University of Greenwich,Reino Unido
"05-2W",Bryan F. J. Manly,,
"05-2W",Lyman L. McDonald,,
"05-2X",Parimal Mukhopadhyay,,
"05-2Y",Michael J. Campbell,,
"05-2Z",Petter Laake,University of Oslo,Noruega
"05-2ZA",Elisabeth Svensson,,
"05-2ZB",Thierry Foucart,,
"05-2ZC",Chin-Diew Lai,,
"05-2ZC",John C W Rayner,,
"05-2ZC",T P Hutchinson,,
"05-3A",Hing-Po Lo,,
"05-3A",Josephine K P Lam,,
"05-3B",Hans - Joachim Mittag,,
"05-3C",Chris Wild,,
"05-3C",Maxine Pfannkuch,,
"05-3D",Gabriella M. Belli,,
"05-3E",Jim Bentley,,
"05-3E",Tammi J. Schneider,,
"05-3E",Donald L. Bentley,,
"05-3F",Stephen Olejnik,,
"05-3G",Margaret Rangecroft,,
"05-3G",William Wallace,,
"05-3H",Stephen J. Ruberg,,
"05-3I",Joseph M. Wisenbaker,,
"05-3I",Janice S. Scott,,
"05-3J",Marcel Van den Broecke,,
"05-3K",Neville Davies,,
"05-3K",Fred Smith,,
"05-3L",Rudolf Teekens,,
"05-3M",D. Bruce Dunning,,
"05-3M",Chin-Diew Lai,,
"05-3N",Daniel Lunn,,
"05-3O",Brian Phillips,,
"05-3O",Glenda Francis,,
"05-3O",Marianne Hutcheson,,
"05-3P",Mike Talbot,,
"05-3P",Graham Horgan,,
"05-3P",Alec Mann,,
"05-3P",Ramón Alonso,,
"05-3P",Jacques Badia,,
"05-3P",Glenys Bishop,,
"05-3P",H. Dieter Quednau,,
"05-3Q",Stuart G. Young,,
"05-4A",Anne Hawkins,,
"05-4B",Helen MacGillivray,,
"05-4D",Jerry L. Moreno,,
"05-4E",Jonathan Moritz,,
"05-4F",Maxine Pfannkuch,,
"05-4F",Chris Wild,,
"05-4G",Katherine Taylor-Halvorsen,,
"05-4H",E. Jacquelin Dietz,,
"05-4I",Gerald Goodall,,
"05-4J",David Green,,
"05-4J",Mike Fuller,,
"05-4K",Jerry L. Moreno,,
"05-4L",Maria Gabriella Ottaviani,,
"05-4M",Ene-Margit Tiit,,
"05-4N",Michael Finkelstein,,
"05-4O",Joseph L. Gastwirth,,
"05-4P",Mary W. Gray,,
"05-4Q",Peter Hawkins,,
"05-4Q",Anne Hawkins,,
"05-4R",Anne Porter,,
"05-4S",Bernard Robertson,,
"05-4S",G A Vignaux,,
"05-5A",Kamanzi-wa-Binyavanga,,
"05-5B",Nsowah-Nuamah Nicholas Nicodemus Nana,,
"05-5C",Godwin E. O. Ogum,,
"05-5D",Francois E Steffens,,
"05-5E",JI Kobus de Wet,Vista University,África do Sul
"05-5F",Yuang-Tswong Lue,,
"05-5G",Tae Rim Lee,,
"05-5H",Su-Chen Wang,,
"05-5H",Wing-Keung Wong,,
"05-5I",Francisco T. Sánchez Cobo,,
"05-5I",Antonio Estepa Castro,,
"05-5J",Diana R. Kohan,,
"05-5K",Nora Lac Prugent,,
"05-5K",Elda Gallese,,
"05-5L",Teresita E. Terán,Universidad Nacional de Rosario,Argentina
"05-5M",Jose-Paulo Q. Carneiro,,
"05-5M",Paulo Afonso Lopes DaSilva,,
"05-5N",Guido Ferrari,,
"05-5O",Fayez M. Mina,,
"05-5P",Ante Rozga,,
"05-6A",Dani Ben-Zvi,,
"05-6A",Abraham Arcavi,,
"05-6B",George W. Bright,,
"05-6B",Susan N. Friel,,
"05-6C",Gail Burrill,,
"05-6D",Antonio Estepa Castro,,
"05-6D",Francisco T. Sánchez-Cobo,,
"05-6E",Sharleen Forbes,,
"05-6F",Linda Gattuso,,
"05-6F",Claudine Mary,,
"05-6G",Tjaart Imbos,,
"05-6G",Iris Schols,,
"05-6G",Paul Talsma,,
"05-6H",Neil Thomason,,
"05-6H",Jan Les,,
"05-6I",John Truran,,
"05-6J",Joseph Wisenbaker,,
"05-6J",Janice S. Scott,,
"05-6K",Gilberte Schuyten,,
"05-6K",Hannelore Dekeyser,,
"05-6L",Pamela Shaw,,
"05-6M",Martin M. A. Valcke,,
"05-6N",Sue Finch,,
"05-6O",Zamalia Mahmud,,
"05-6O",Chris Robertson,,
"05-6P",Anne M. Williams,,
"05-6Q",Robert J. Russell,,
"05-6R",Kathleen Truran,,
"05-6S",Jenni Way,,
"05-6T",Iddo Gal,,
"05-6T",Joan B. Garfield,,
"05-6U",Joan B. Garfield,,
"05-6V",Carl J. Huberty,,
"05-6W",Jane M. Watson,,
"05-6X",Flavia Jolliffe,,
"05-7A",Robin George Boyle,Deakin University,Austrália
"05-7B",Neville Davies,Nottingham Trent University,Reino Unido
"05-7B",Rob Lees,Nottingham Trent University,Reino Unido
"05-7B",Steve Smith,Nottingham Trent University,Reino Unido
"05-7B",Rosemarie O’Neill,Nottingham Trent University,Reino Unido
"05-7C",William Finzer,Key Curriculum Press,Estados Unidos
"05-7C",Timothy E. Erickson,Key Curriculum Press,Estados Unidos
"05-7D",Polyxeni-Jenny Pange,University of Ioannina,Grécia
"05-7E",Jacques Bordier,Télé-Université,Canadá
"05-7E",Anne Bergeron,Université du Québec à Montréal,Canadá
"05-7E",Marie-Chantal Beaulieu,Université du Québec à Montréal,Canadá
"05-7F",Lucette Carter,Universidade Paris Nanterre,França
"05-7F",Mathilde Mougeot,Universidade Paris Nanterre,França
"05-7G",Giuseppe Cicchitelli,Università di Perugia,Itália
"05-7G",Gianfranco Galmacci,Università di Perugia,Itália
"05-7H",Chris du Feu,Queen Elizabeth's High School,Reino Unido
"05-7H",Neville Hunt,Coventry University,Reino Unido
"05-7H",Rob Lees,The Database (Nottingham) Ltd.,Reino Unido
"05-7I",Helena Bacelar-Nicolau,University of Lisbon,Portugal
"05-7I",F. C. Nicolau,New University of Lisbon,Portugal
"05-7I",O. Dias,University of Lisbon,Portugal
"05-7I",Luis Ramos,New University of Lisbon,Portugal
"05-7J",Michelle McDougall,Deakin University,Austrália
"05-7J",Jamie Mustard,Deakin University,Austrália
"05-7J",Glenn Ridley,Deakin University,Austrália
"05-7K",Jirí Militký,Technical University,República Tcheca
"05-7K",Karel Kupta,Trilobyte Ltd. Pardubice,República Tcheca
"05-7K",Milan Meloun,Pardubice University,República Tcheca
"05-7L",Paul Alper,University of St. Thomas,Estados Unidos
"05-7L",Robert L. Raymond,University of St. Thomas,Estados Unidos
"05-7M",Timothy E. Erickson,Key Curriculum Press,Estados Unidos
"05-7M",William F. Finzer,Key Curriculum Press,Estados Unidos
"05-7N",Sue Finch,La Trobe University,Austrália
"05-7N",Geoff Cumming,La Trobe University,Austrália
"05-7O",Juan D. Godino,Universidad de Granada,Espanha
"05-7O",Carmen Batanero,Universidad de Granada,Espanha
"05-7P",J. Michael Shaughnessy,Portland State University,Estados Unidos
"05-7Q",Jane M. Watson,University of Tasmania,Austrália
"05-7R",Martha Bilotti-Aliaga,University of Michigan,Estados Unidos
"05-7S",Kay Lipson,Swinburne University of Technology,Austrália
"05-7T",Rob Situmeang,Saint Mary's University,Estados Unidos
"05-7U",Geoff Cumming,La Trobe University,Austrália
"05-7U",Neil Thomason,The University of Melbourne,Austrália
"05-7V",Agostino Di Ciaccio,University of Urbino,Itália
"05-7W",Gianfranco Galmacci,Università di Perugia,Itália
"05-7W",Giuseppe Cicchitelli,Università di Perugia,Itália
"05-7X",Antonio Giusti,Università di Firenze,Itália
"05-7X",Alessandra Petrucci,Università di Firenze,Itália
"05-7X",Francesco Polverini,Università di Firenze,Itália
"05-7Z",Erica J. Morris,The Open University,Reino Unido
"05-7Z",Martin Le Voi,The Open University,Reino Unido
"05-7ZA",Peter Petocz,University of Technology,Austrália
"05-7ZB",Juha Puranen,University of Helsinki,Finlândia
"05-7ZC",William S. Cleveland,Bell Labs,Estados Unidos
"05-7ZD",Siva Ganesh,Massey University,Nova Zelândia
"05-7ZD",S Ganesalingam,Massey University,Nova Zelândia
"05-7ZE",K. Laurence Weldon,Simon Fraser University,Canadá
"05-7ZF",Carmen Batanero,Universidad de Granada,Espanha
"05-7ZF",Juan D. Godino,Universidad de Granada,Espanha
"05-7ZG",Rolf Biehler,Universität Bielefeld,Alemanha
"05-7ZH",Erica J. Morris,The Open University,Reino Unido
"05-7ZI",Dave Pratt,University of Warwick,Reino Unido
"05-7ZI",Richard Noss,University of London,Reino Unido
"05-8A",Paul Lavoie,,
"05-8A",Linda Gattuso,,
"05-8B",Bernard Parzysz,,
"05-8C",John Truran,,
"05-8D",James Clayson,,
"05-8E",Robert C. delMas,University of Minnesota,Estados Unidos
"05-8E",Joan Garfield,University of Minnesota,Estados Unidos
"05-8E",Beth L. Chance,University of the Pacific,Estados Unidos
"05-8F",Michael J. Glencross,,
"05-8G",Julie A. Jackson,,
"05-8G",Maxwell L. King,,
"05-8H",Marie-Paule Lecoutre,,
"05-8H",Mohamed Rezrazi,,
"05-8I",Sharleen Forbes,,
"05-8J",Rebecca L. Pierce,Ball State University,Estados Unidos
"05-8K",Philip J. Boland,,
"05-8L",Neil T. Diamond,,
"05-8L",Rhonda Hallett,,
"05-8M",Loi Soh Loi,,
"05-8M",Wu Yuan,,
"05-8N",Helen MacGillivray,,
"05-8O",Shen Shir Ming,,
"05-8Q",Susan Starkings,,
"05-8R",Linda J. Young,,
"06-1A2",Milo Schield,,
"06-1A4",Chris Reading,,
"06-1B1",Beverley Botting,,
"06-1B1",David Stone,,
"06-1B3",Jessica Utts,,
"06-1B4",Philip J. Boland,,
"06-1B5",A.Marie Phillips,,
"06-1B6",Jerry L. Moreno,,
"06-2A1",Jane M. Watson,,
"06-2A1",Ben A. Kelly,,
"06-2A2",José Luis Cortina,,
"06-2A3",Efthymia Paparistodemou,,
"06-2A3",Richard Noss,,
"06-2A3",Dave Pratt,,
"06-2B1",James Nicholson,Queen's University of Belfast,Reino Unido
"06-2B1",Gerry Mulhern,Queen's University of Belfast,Reino Unido
"06-2B1",Neville Hunt,Coventry University,Reino Unido
"06-2B2",Jeffrey A. Witmer,,
"06-2B3",Hanan Innabi,,
"06-2C1",Jinfa Cai,,
"06-2C1",Christine Carrino Gorowara,,
"06-2C2",Silio Rigatti Luchini,,
"06-2C2",Maria Pia Perelli D'Argenzio,,
"06-2C2",Gianfranco Moncecchi,,
"06-2C5",Dani Ben-Zvi,University of Haifa,Israel
"06-2D1",Doreen Connor,,
"06-2D2",Delia North,,
"06-2D2",Maria Gabriella Ottaviani,,
"06-2D3",Gianfranco Galmacci,,
"06-2D3",Anna Maria Milito,,
"06-2D4",Annie Morin,Université de Rennes,França
"06-2D5",Koeno Gravemeijer,,
"06-2D6",Peter Holmes,,
"06-2E1",Paul Cobb,,
"06-2E1",Lynn Hodge,,
"06-2E2",Carolina Carvalho,,
"06-2E2",Margarida César,,
"06-2E3",Celia Hoyles,,
"06-2E3",Richard Noss,,
"06-3A1",Brian Jersky,,
"06-3A2",Robert A. Leslie,,
"06-3A3",Trisha Thorme,,
"06-3A3",Rob Root,,
"06-3A4",Jon E. Anderson,,
"06-3A4",Engin A. Sungur,,
"06-3B1",Wesley Johnson,,
"06-3B1",Mitchell Watnikk,,
"06-3B2",Sudhakar Kunte,,
"06-3B3",Serge B. Provost,,
"06-3B4",K. L. Weldon,Simon Fraser University,Canadá
"06-3C2",Ann-Lee Wang,,
"06-3D1",Alice M. Richardson,,
"06-3D3",Félicien Donat Edgar Towènan Accrombessy,,
"06-3D4",Parin Kurji,,
"06-3E1",Deborah Nolan,,
"06-3E2",Flavia Jolliffe,,
"06-3E3",Jean-Hugues Chauchat,,
"06-3E4",Margaret Mackisack,,
"06-3E4",Peter Petocz,,
"06-3F1",James Albert,,
"06-3F2",W. M. Bolstad,University of Waikato,Nova Zelândia
"06-3F3",Peter Sedlmeier,Chemnitz University of Technology,Alemanha
"06-3G1",Cornelia J. Swanepoel,Potchefstroom University for CHE,África do Sul
"06-3G2",Ricardo Cao,,
"06-3G3",Federico Palacios-Gonzalez,Universidad de Granada,Espanha
"06-3G4",Thomas P. Hettmansperger,,
"06-3G4",Ryan Elmore,,
"06-3H2",Shrikant I. Bangdiwala,,
"06-3H2",M. Lourdes Amarillo,,
"06-3H2",Suresh Ughade,,
"06-3H2",M. Nelcy Rodríguez,,
"06-3H2",Julio M. Singer,,
"06-3H2",Sergio R. Muñoz-Navarro,,
"06-3H2",Chulaluk Komoltri,,
"06-3H2",J. Francisco Cumsille-Garib,,
"06-3H3",Andile Mji,,
"06-3H3",Michael Glencross,,
"06-3I1",Gary Kader,,
"06-3I1",Mike Perry,,
"06-3I2",Allan J. Rossman,,
"06-3I2",Beth L. Chance,,
"06-3I3",Neville Davies,Nottingham Trent University,Reino Unido
"06-3I3",Ian Roberts,Northern Territory University,Austrália
"06-3I3",Trevor Cole,Cwrt Rawlin Primary School,Reino Unido
"06-3I4",Renuka Vithal,,
"06-3J1",Peter Martin,,
"06-3J1",Robyn Pierce,,
"06-3J1",Jason Giri,,
"06-3J2",Dalene Stangl,,
"06-3J3",Reena Deutsch,,
"06-3K2",Lynne Stokes,,
"06-3K4",Cynthia Clark,,
"06-3L1",Marti J. Anderson,,
"06-3L2",Ann A. O'Connell,,
"06-3L4",Siva Ganesh,Massey University,Nova Zelândia
"06-3M1",Michael Granaas,,
"06-3M2",Alan McLean,,
"06-3M3",Timothy E. O'Brien,,
"06-3M4",Stefan Krauss,,
"06-3M4",Christoph Wassner,,
"06-3N2",Elisabeth Svensson,,
"06-4A2",Koffi N'Guessan,,
"06-4A4",Carmen Arribas,,
"06-4B2",Bart Meganck,,
"06-4B3",Madhuri S. Mulekar,,
"06-4B3",Madge Haven,,
"06-4C1",Bradley Payne,,
"06-4C1",Peter Holmes,,
"06-4C1",Neville Davies,,
"06-4C3",Pilar Martín-Guzmán,,
"06-4C4",Ruslan Motoryn,,
"06-4D1",Lea Bregar,University of Ljubljana,Eslovênia
"06-4D1",Irena Ograjenšek,University of Ljubljana,Eslovênia
"06-4D1",Mojca Bavdaž Kveder,University of Ljubljana,Eslovênia
"06-4D2",Sharon Copeland-Smith,,
"06-4D3",W. Robert Stephenson,,
"06-4D4",Lea Vermeire,,
"06-4D4",An Carbonez,,
"06-4D4",Paul Darius,,
"06-4D4",Jill Fresen,,
"06-4E1",Cristiana Conti,,
"06-4E1",Enzo Lombardo,,
"06-4E2",Lesley Hooper,,
"06-4E4",Enrica Aureli,,
"06-4E4",Riccardo Russo,,
"06-4E5",Patrick Murphy,,
"06-4E6",Reija Helenius,,
"06-4F1",Abbas Bazargan,,
"06-4F2",Mary W. Gray,,
"06-4F3",Michael J Campbell,,
"06-4G1",Stephen A. Zayac,,
"06-4G2",Luigi Biggeri,,
"06-4G2",Alberto Zuliani,,
"06-4G3",Beverley Carlson,,
"06-4G4",Lionel Pereira-Mendoza,,
"06-4H1",Theodore Chadjipadelis,,
"06-4H2",Corinne Hahn,,
"06-4H2",Patrick Dassonville,,
"06-4H3",Enrico Giovannini,,
"06-4I1",John A. Harraway,,
"06-4I2",Katarina Cobanovic,,
"06-4J2",Nadezhda Tsankova,University of Veliko Turnovo St Cyril and St. Methodius,Bulgária
"06-4K1",Gerald W. McLaughlin,,
"06-4K1",Josetta S. McLaughlin,,
"06-4K2",Linda Hewitt,,
"06-4K3",Mary Ann Coughlin,,
"06-4K4",P. J. Vermeulen,,
"06-5A2",Michael Bulmer,,
"06-5A3",Joachim Engel,University of Education,Alemanha
"06-5A4",Jerry L. Moreno,,
"06-5B1",J A John,,
"06-5B1",D G Johnson,,
"06-5B2",Daniel Berze,,
"06-5C1",Richard Madden,,
"06-5C2",Jonathan D. Cryer,,
"06-5C3",Gerald W. Goodall,,
"06-5C3",Derek J. Pike,,
"06-5D1",Pali Lehohla,,
"06-5D2",Brian Phillips,,
"06-5D3",Neville Hunt,,
"06-5D3",Flavia Jolliffe,,
"06-5D3",Neville Davies,,
"06-5D4",Derek J. Pike,,
"06-5E1",Richard J. Wilson,,
"06-5E2",Stephen B. Vardeman,,
"06-5E4",Neil T. Diamond,,
"06-5E4",Ewa M. Sztendur,,
"06-5F2",Naoko Sakurai,,
"06-5F2",Michiko Watanabe,,
"06-5F2",Katsuyuki Suenaga,,
"06-5F2",Hiroshi Yadohisa,,
"06-5F2",Akinobu Takeuchi,,
"06-5F2",Kazunori Yamaguchi,,
"06-5F2",Chooichiro Asano,,
"06-5F3",Ewan Crawford,,
"06-5F3",Adrian Bowman,,
"06-5F4",Sohair M. F. Higazi,Tanta University,Egito
"06-5G1",Bradley Payne,,
"06-5G1",Nick Merryfield,,
"06-5G1",David Griffiths,,
"06-5G2",Nibia Aires,,
"06-5G2",Dag Thelle,,
"06-5G3",Ivar Heuch,,
"06-5H1",Eric R. Sowey,,
"06-5H2",Jacky Galpin,,
"06-6A1",Jane M. Watson,,
"06-6A2",Graham A. Jones,,
"06-6A2",Edward S. Mooney,,
"06-6A2",Cynthia W. Langrall,,
"06-6A2",Carol A. Thornton,,
"06-6A3",M. V. Polaki,,
"06-6A4",Tova Kvatinsky,,
"06-6A4",Ruhama Even,,
"06-6A6",Michael Shaughnessy,,
"06-6A6",Matthew Ciancetta,,
"06-6B1",Juan D. Godino,,
"06-6B2",Maxine Pfannkuch,,
"06-6B2",Chris Wild,,
"06-6B3",Cynthia W. Langrall,,
"06-6B3",Edward S. Mooney,,
"06-6B4",Peter Petocz,,
"06-6B4",Anna Reid,,
"06-6C1",Kay Lipson,Swinburne University of Technology,Austrália
"06-6C2",Liliana Tauber,Universidad Nacional del Litoral,Argentina
"06-6C2",Victoria Sánchez,Universidad de Sevilla,Espanha
"06-6C3",Geoff Cumming,,
"06-6C3",Fiona Fidler,,
"06-6C3",Neil Thomason,,
"06-6C4",J. Richard Alldredge,Washington State University,Estados Unidos
"06-6C4",Nicholas A. Som,Washington State University,Estados Unidos
"06-6D1",Sharon J. Derry,,
"06-6D1",Joel R. Levin,,
"06-6D1",Rand J. Spiro,,
"06-6D2",Nancy C. Lavigne,,
"06-6D2",Susanne P. Lajoie,,
"06-6D3",Susanne P. Lajoie,,
"06-6D3",Andrew Chiarella,,
"06-6D4",David A. Thomas,Ball State University,Estados Unidos
"06-6D4",Giray Ökten,Ball State University,Estados Unidos
"06-6D4",and Paul Buis,Ball State University,Estados Unidos
"06-6E1",Celi Aparecida Espasandin Lopes,,
"06-6E1",Anna Regina Lanner de Moura,,
"06-6E2",Ernesto Sánchez Sánchez,Centro de Investigación y de Estudios Avanzados del IPN,México
"06-6E3",Linda Gattuso,,
"06-6E3",Maria A. Pannone,,
"06-6E4",Tim Burgess,,
"06-6F1",Dirk Tempelaar,,
"06-6F2",Glenda Francis,,
"06-6F3",Sterling C. Hilton,,
"06-6F3",Howard B. Christensen,,
"06-6F4",Zamalia Mahmud,,
"06-6F4",Rosli Abdul Rahim,,
"06-6G1",Cileda de Queiroz e Silva Coutinho,Université Joseph Fourier,França
"06-6G2",Marie Berrondo-Agrell,,
"06-6G3",Talma Leviatan,,
"06-6G4",Li Jun,,
"06-6G4",Lionel Pereira-Mendoza,,
"06-6H1",Carmen Batanero,,
"06-6H1",Juan D. Godino,,
"06-7A1",Hans-Joachim Mittag,University of Hagen,Alemanha
"06-7A2",P. Darius,Catholic University Leuven,Bélgica
"06-7A2",S. Michiels,Catholic University Leuven,Bélgica
"06-7A2",B. Raeymaekers,Catholic University Leuven,Bélgica
"06-7A3",W. Douglas Stirling,Massey University,Nova Zelândia
"06-7B2",Mervyn Marasinghe,Iowa State University,Estados Unidos
"06-7B3",Andrej Blejec,National Institute of Biology,Eslovênia
"06-7B4",Peter Theuns,Vrije Universiteit,Bélgica
"06-7B4",Walentina Cools,Vrije Universiteit,Bélgica
"06-7C2",H. L. MacGillivray,Queensland University of Technology,Austrália
"06-7C3",Douglas C. Montgomery,Arizona State University,Estados Unidos
"06-7D1",Gail Burrill,Michigan State University,Estados Unidos
"06-7D2",Guido Herweyers,Catholic University Leuven,Bélgica
"06-7E1",Gilbert Saporta,Conservatoire National des Arts et Métiers,França
"06-7E2",Jenny Pange,University of Ioannina,Grécia
"06-7E3",Joseph M. Wisenbaker,University of Georgia,Estados Unidos
"06-7F1",Arthur Bakker,University of Utrecht,Países Baixos
"06-7F2",Tim Erickson,Epistemological Engineering,Estados Unidos
"06-7F4",William Finzer,KCP Technologies,Estados Unidos
"06-7F5",Clifford Konold,University of Massachusetts,Estados Unidos
"06-7F6",Andee Rubin,TERC,Estados Unidos
"06-7G1",Owen Giles,Eastern Institute of Technology,Nova Zelândia
"06-7G1",Siva Ganesh,Massey University,Nova Zelândia
"06-7G2",Rodney Carr,Deakin University,Austrália
"06-7G3",Robin H. Lock,St. Lawrence University,Estados Unidos
"06-7G4",Geoff Cumming,La Trobe University,Austrália
"06-8A1",Carl Lee,,
"06-8A1",Maria Meletiou,,
"06-8A1",Howard K Wachtel,,
"06-8A1",Aklilu Zeleke,,
"06-8A2",Livia D'Andrea,,
"06-8A2",Charley Waters,,
"06-8A4",Jacqueline B. Miller,,
"06-8A5",Verena Nolan,,
"06-8B1",Kay McClain,,
"06-8B2",Clifford Konold,,
"06-8B2",Amy Robinson,,
"06-8B2",Khalimahtul Khalil,,
"06-8B2",Alexander Pollatsek,,
"06-8B2",Arnold Well,,
"06-8B2",Rachel Wing,,
"06-8B2",and Susanne Mayr,,
"06-8B3",Rich Lehrer,,
"06-8B3",Leona Schauble,,
"06-8E1",Linda M. Quinn,,
"06-8E2",Loi Soh Loi,,
"06-8E3",Saleha Naghmi Habibullah,,
"06-8E4",Susan Starkings,,
"06-8F1",W. Martin Podehl,,
"06-8G1",Rénette J. Blignaut,,
"06-8G1",I.M. Venter,,
"06-9B1",Reda Mosad El-Said Asar,,
"06-9B3",John W. Odhiambo,,
"06-9C1",Elena T. Fernández de Carrera,,
"06-9C2",Antonio Estepa,,
"06-9C3",Teresita E. Terán,,
"06-9D1",Louisa Lam,,
"06-9D2",R. P. Suresh,,
"06-9D3",D. S. Hooda,,
"06-9D3",B.K. Hooda,,
"06-9D4",Wang Jili,,
"06-9D4",Zhang Yong,,
"07-1A1",Giovanni A. Barbieri,,
"07-1A1",Paola Giacché,,
"07-1A2",Vicki Crompton,,
"07-1A2",John Flanders,,
"07-1A3",Wendy Watkins,,
"07-1A3",Charles Humphrey,,
"07-1B1",Megan Clark,,
"07-1B2",Saleha Naghmi Habibullah,,
"07-1B3",John P. Holcomb Jr.,,
"07-1B3",Norean Radke Sharpe,,
"07-1C1",Tânia Maria Mendonça Campos,,
"07-1C1",Cileda de Queiroz e Silva Coutinho,,
"07-1C1",Saddo Ag Almouloud,,
"07-1C2",Linda Gattuso,,
"07-1C3",S. Mignani,,
"07-1C3",P. Monari,,
"07-1C3",R. Ricci,,
"07-1C3",A. Orlandoni,,
"07-1D1",Susan Starkings,,
"07-1D2",Oscar Hernández,,
"07-1D3",Fernando Avila,,
"07-1D3",Miguel Nakamura,,
"07-1E2",Guido E. del Pino,,
"07-1E3",Ana Silvia Haedo,,
"07-2A1",Efi Paparistodemou,,
"07-2A1",Despina Potari,,
"07-2A1",Demetra Pitta,,
"07-2A2",Jennifer Way,,
"07-2A3",Cynthia Langrall,,
"07-2A3",Steven Nisbet,,
"07-2A3",Edward Mooney,,
"07-2A4",Edward Mooney,,
"07-2A4",Cynthia Langrall,,
"07-2A4",Steven Nisbet,,
"07-2B1",Hanan Innabi,,
"07-2B2",Juan Ortega Moya,,
"07-2B2",Antonio Estepa Castro,,
"07-2B3",Gary D. Kader,,
"07-2B3",Mike Perry,,
"07-2B4",Verônica Yumi Kataoka,,
"07-2B4",Eric Batista Ferreira,,
"07-2B4",C.S.F. da Silva,,
"07-2B4",M.S. Oliveira,,
"07-2C1",Jeeva Periasamy,,
"07-2C2",Henry Kranendonk,,
"07-2C3",José Armando Albert Huerta,,
"07-2C3",Juan Ernesto Colunga Cavazos,,
"07-2C3",Juan Antonio López Esquivel,,
"07-2C4",Timothy I. Matis,,
"07-2D1",Dani Ben-Zvi,University of Haifa,Israel
"07-2D2",Rolf Biehler,University of Kassel,Alemanha
"07-2D3",Andee Rubin,TERC,Estados Unidos
"07-2D3",James K.L. Hammerman,TERC,Estados Unidos
"07-2D3",Cliff Konold,University of Massachusetts,Estados Unidos
"07-2D4",Arthur Bakker,University of London,Reino Unido
"07-2D4",Jan Derry,University of London,Reino Unido
"07-2D4",Cliff Konold,University of Massachusetts,Estados Unidos
"07-2E2",Allan Rossman,California Polytechnic State University,Estados Unidos
"07-2E2",Elsa Medina,California Polytechnic State University,Estados Unidos
"07-2E2",Beth Chance,California Polytechnic State University,Estados Unidos
"07-2E3",Dan Canada,,
"07-2E4",Ana Serradó,,
"07-2E4",Pilar Azcárate,,
"07-2E4",José María Cardeñoso,,
"07-2F1",Delia North,,
"07-2F1",Temesgen Zewotir,,
"07-2F2",James Nicholson,,
"07-2F2",Jim Ridgway,,
"07-2F2",Sean McCusker,,
"07-2F3",Félicien Donat E. T. Accrombessy,,
"07-2G1",Carlos Monteiro,,
"07-2G1",Janet Ainley,,
"07-2G2",José Luis Cortina,,
"07-2G2",Qing Zhao,,
"07-2G2",Jana Visnovská,,
"07-2G3",Dirk Tempelaar,,
"07-3A1",Eric R. Sowey,,
"07-3A2",Angus K. McFadyen,,
"07-3A3",Timothy E. O’Brien,Loyola University Chicago,Estados Unidos
"07-3A4",Pieternel Verhoeven,,
"07-3B1",Elvezio Ronchetti,,
"07-3B2",David S. Zamar,Simon Fraser University,Canadá
"07-3B2",Ruben H. Zamar,University of British Columbia,Canadá
"07-3B3",Víctor J. Yohai,,
"07-3C1",Claudio Silva,,
"07-3C1",Irene Schiattino,,
"07-3C1",Francisco Cumsille,,
"07-3C1",Gabriel Cavada,,
"07-3C1",Rosa Montaño,,
"07-3C2",Julio M. Singer,,
"07-3C3",Shrikant I. Bangdiwala,,
"07-3C4",María Teresa Blaconá,,
"07-3D1",Alan Porter,,
"07-3D1",Tina Cartwright,,
"07-3D1",Rosemary Snelgar,,
"07-3D2",Mark L. Berenson,,
"07-3D3",Penelope Bidgood,Kingston University,Reino Unido
"07-3E1",Johanna Hardin,,
"07-3E1",Laura Hoopes,,
"07-3E1",Ryan Murphy,,
"07-3E2",Joseph F. Hair,,
"07-3E2",Jr.,,
"07-3E3",Lisa L. Harlow,,
"07-3E4",Hebe Goldenhersch,,
"07-3F1",Wenceslao González Manteiga,,
"07-3F1",Manuel Febrero Bande,,
"07-3F2",Tertius de Wet,,
"07-3F2",Willie Conradie,,
"07-3F3",Michael J. Campbell,,
"07-3G1",Edward D. Rothman,,
"07-3G2",Enrique E. Alvarez,,
"07-3G3",Flavia Jolliffe,,
"07-3H1",Hans van Buuren,,
"07-3H2",Jenny Pange,,
"07-3H3",Jennifer Brown,,
"07-3H3",Richard Penny,,
"07-3H3",Marco Reale,,
"07-3I1",Lisbeth K. Cordani,,
"07-3I1",Sergio Wechsler,,
"07-3I2",Jose M. Bernardo,,
"07-3I3",Rosangela H. Loschi,,
"07-3I3",Pilar L. Iglesias,,
"07-3I3",Sergio Wechsler,,
"07-3I4",Carlos Alberto de Bragança Pereira,,
"07-3J1",Bruno C. de Sousa,Universidade do Minho,Portugal
"07-3J2",Peter Sedlmeier,,
"07-3J3",Alfredo Aliaga,,
"07-3J3",Ruilin Ren,,
"07-4A1",Jorge Luis Romeu,,
"07-4A2",Peter Martin,,
"07-4A3",Georg Lindgren,,
"07-4A3",Lena Zetterqvist,,
"07-4A4",Elena T. Fernández de Carrera,National Technological University,Argentina
"07-4B1",Stathis Mavrotheris,,
"07-4B1",Maria Meletiou-Mavrotheris,,
"07-4B2",Lyman L. McDonald,,
"07-4B3",Morvarid Bagherzadeh,,
"07-4B3",Enrico Giovannini,,
"07-4B4",Todd Evans,,
"07-4C1",Abbas Bazargan,,
"07-4C1",Nasser Vallai,,
"07-4C2",Júlia Pavan Soler,,
"07-4C2",Alexandre Pereira,,
"07-4C3",Cynthia R. Long,,
"07-4D1",Ernesto A. Rosa,,
"07-4D2",Edith Seier,,
"07-4D3",Lúcia Pereira Barroso,,
"07-4D4",Julie Legler,,
"07-4E1",Carmen Capilla,,
"07-4E2",William V. Harper,Otterbein College,Estados Unidos
"07-4E2",Isobel Clark,Geostokos (Ecosse) Limited,Reino Unido
"07-4E3",Jennifer Brown,,
"07-4E3",David Borchers,,
"07-4E4",Jean-Yves Hervé,University of Rhode Island,Estados Unidos
"07-4E4",Qing Liu,University of Rhode Island,Estados Unidos
"07-4E4",Matthew Nicholson,U. S. Environmental Protection Agency,Estados Unidos
"07-4E4",Liliana González,University of Rhode Island,Estados Unidos
"07-4E4",Thomas Mather,University of Rhode Island,Estados Unidos
"07-4F1",Werner Grünewald,European Commission,Luxemburgo
"07-4F1",Hans-Joachim Mittag,European Commission,Luxemburgo
"07-4F2",Paul Mostert,,
"07-4F3",Álvaro González Villalobos,,
"07-5A1",Carlos Araújo,,
"07-5A4",Enriqueta D. Reston,,
"07-5A4",Liza Lorena C. Jala,,
"07-5A4",Timoteo P. Edullantes,,
"07-5A4",Jr.,,
"07-5B1",Len Cook,,
"07-5B2",Peter Petocz,,
"07-5B2",Sue Gordon,,
"07-5B2",Anna Reid,,
"07-5B3",Brian Phillips,,
"07-5C2",Reija Helenius,,
"07-5C3",Warren Palmer,,
"07-5C3",Anthony Crawford,,
"07-5D1",J. Andrés Christen,,
"07-5D1",Romulo Lins,,
"07-5D2",Irina Arhipova,Latvia University of Agriculture,Letônia
"07-5D3",Keith R. Abrams,,
"07-5D4",Jenny Freeman,,
"07-5D4",Kevin Smith,,
"07-5D4",David Staniforth,,
"07-5D4",Steve Collier,,
"07-5E1",Patrick Murphy,,
"07-5E2",Annie Morin,,
"07-5E3",Carmen Díaz,,
"07-5E3",Inmaculada de la Fuente,,
"07-5E4",Fiona Fidler,,
"07-5F1",K. Laurence Weldon,,
"07-5F2",Robin H. Lock,,
"07-5F3",Jerome P. Reiter,,
"07-5G1",Philip J. Boland,,
"07-5G2",Ricardo Gimeno,,
"07-5G2",Ruth Mateos de Cabo,,
"07-5G3",Juan Manuel López Zafra,,
"07-5G3",Sonia de Paz Cobo,,
"07-5H1",Jacky Galpin,,
"07-5H2",Monique Bijker,,
"07-5H2",Gabriëlle Wynants,,
"07-5H2",Hans van Buuren,,
"07-5H3",Engin A. Sungur,,
"07-5H3",Benjamin S. Winchester,,
"07-5H3",Jon E. Anderson,,
"07-5H3",Jong-Min Kim,,
"07-6A1",Chris Reading,,
"07-6A1",Jackie Reid,,
"07-6A2",Maxine Pfannkuch,,
"07-6A3",Luis A. Saldanha,,
"07-6A3",Patrick W. Thompson,,
"07-6B1",Sibel Kazak,,
"07-6B1",Jere Confrey,,
"07-6B2",Blanca R. Ruiz Hernández,,
"07-6B2",José Armando Albert Huerta,,
"07-6B2",Carmen Batanero,,
"07-6B3",Cileda de Queiroz e Silva Coutinho,,
"07-6B4",Helen Louise MacGillivray,,
"07-6C1",Jane M. Watson,,
"07-6C2",Kazuhiro Aoyama,,
"07-6C3",Oded Meyer,Carnegie Mellon University,Estados Unidos
"07-6C3",Candace Thille,Carnegie Mellon University,Estados Unidos
"07-6C4",Milo Schield,,
"07-6D1",Rosemary Callingham,,
"07-6D2",Jim Ridgway,University of Durham,Reino Unido
"07-6D2",James Nicholson,University of Durham,Reino Unido
"07-6D2",Sean McCusker,University of Durham,Reino Unido
"07-6D3",Robert delMas,,
"07-6D3",Ann Ooms,,
"07-6D3",Joan Garfield,,
"07-6D3",Beth Chance,,
"07-6E1",Juan D. Godino,Universidad de Granada,Espanha
"07-6E1",Rafael Roa,Universidad de Granada,Espanha
"07-6E1",Ángel M. Recio,Universidad de Granada,Espanha
"07-6E1",Francisco Ruiz,Universidad de Granada,Espanha
"07-6E1",Juan L. Pareja,Universidad de Granada,Espanha
"07-6E2",Kay Lipson,Swinburne University of Technology,Austrália
"07-6E2",Glenda Francis,Swinburne University of Technology,Austrália
"07-6E2",Sue Kokonis,Swinburne University of Technology,Austrália
"07-6E3",James K. L. Hammerman,TERC,Estados Unidos
"07-6E3",Andee Rubin,TERC,Estados Unidos
"07-6E4",Rachel Cunliffe,,
"07-6F1",Anna Reid,,
"07-6F1",Peter Petocz,,
"07-6F2",Antonio Estepa-Castro,,
"07-6F2",Juan Ortega-Moya,,
"07-6F3",Koeno Gravemeijer,,
"07-6F3",Arthur Bakker,,
"07-6F4",Tim Burgess,,
"07-6G1",Paul J. Fields,,
"07-6G1",Edward Paul Johnson,,
"07-6G2",Nick J. Broers,,
"07-6G3",Luc Budé,,
"07-6G4",Andreas Eichler,,
"07-7A1",Noel Enyedy,University of California - Los Angeles,Estados Unidos
"07-7A1",Shiuli Mukhopadhyay,University of California - Los Angeles,Estados Unidos
"07-7A1",Joshua Danish,University of California - Los Angeles,Estados Unidos
"07-7A2",Robert Gould,University of California - Los Angeles,Estados Unidos
"07-7A2",Frauke Kreuter,University of California - Los Angeles,Estados Unidos
"07-7A2",Christina Palmer,University of California - Los Angeles,Estados Unidos
"07-7A3",Carl Lee,Central Michigan University,Estados Unidos
"07-7A3",Felix Famoye,Central Michigan University,Estados Unidos
"07-7A4",Lea Bregar,University of Ljubljana,Eslovênia
"07-7A4",Irena Ograjenzek,University of Ljubljana,Eslovênia
"07-7A4",Mojca Bavdaz,University of Ljubljana,Eslovênia
"07-7B1",Ann A. O’Connell,University of Connecticut,Estados Unidos
"07-7B1",Rosemarie L. Ataya,University of Connecticut,Estados Unidos
"07-7B1",Jiarong Zhao,University of South Florida,Estados Unidos
"07-7B2",Bryan F. J. Manly,Universidade de São Paulo - USP,Brasil
"07-7B3",Gloria Icaza,University of Talca,Chile
"07-7B3",Carlos Bravo,University of Talca,Chile
"07-7B3",Sergio Guiñez,University of Talca,Chile
"07-7B3",Julio Muñoz,University of Talca,Chile
"07-7B4",Rodney Carr,Deakin University,Austrália
"07-7C1",Carmen Maxara,University of Kassel,Alemanha
"07-7C1",Rolf Biehler,University of Kassel,Alemanha
"07-7C2",Deborah Nolan,University of California - Berkeley,Estados Unidos
"07-7C2",Duncan Temple Lang,University of California - Davis,Estados Unidos
"07-7C3",Ernesto Sánchez,Centro de Investigación y de Estudios Avanzados del IPN,México
"07-7C3",Santiago Inzunza,Universidad Autónoma de Sinaloa,México
"07-7C4",Anthony Harradine,Prince Alfred College,Austrália
"07-7C4",Clifford Konold,University of Massachusetts,Estados Unidos
"07-7D1",David M. Lane,Rice University,Estados Unidos
"07-7D1",S. Camille Peres,University of Houston - Clear Lake,Estados Unidos
"07-7D2",Doug Stirling,Massey University,Nova Zelândia
"07-7D3",Geoff Cumming,La Trobe University,Austrália
"07-7D4",William Finzer,KCP Technologies,Estados Unidos
"07-7E1",Beth Chance,California Polytechnic State University,Estados Unidos
"07-7E1",Allan Rossman,California Polytechnic State University,Estados Unidos
"07-7E2",Robin Rider,East Carolina University,Estados Unidos
"07-7E2",Hollylynne Stohl Lee,North Carolina State University,Estados Unidos
"07-7E3",Richard Castle,The University of Brighton,Reino Unido
"07-7E4",José Alexandre dos Santos Vaz Martins,Instituto Politécnico da Guarda,Portugal
"07-7F1",Dave Pratt,University of Warwick,Reino Unido
"07-7F1",Ian Jones,University of Warwick,Reino Unido
"07-7F1",Theodosia Prodromou,University of Warwick,Reino Unido
"07-7F2",Clifford Konold,University of Massachusetts,Estados Unidos
"07-7F3",Dor Abrahamson,University of California - Berkeley,Estados Unidos
"07-7G1",Lulu Healy,Pontifícia Universidade Católica de São Paulo,Brasil
"07-7G2",Tim Erickson,Epistemological Engineering,Estados Unidos
"07-7G3",Joachim Engel,University of Hannover,Alemanha
"07-7G4",Paul Darius,Catholic University Leuven,Bélgica
"07-7G4",Eddie Schrevens,Catholic University Leuven,Bélgica
"07-7G4",Kenneth Portier,University of Florida,Estados Unidos
"07-8A1",Fred Zandpour,,
"07-8A1",Tony Rimmer,,
"07-8A2",Wing K. Fung,,
"07-8A2",Philip L.H. Yu,,
"07-8A3",Lynda Merriman,,
"07-8B1",Navarrete Álvarez,,
"07-8B1",E.,,
"07-8B1",Rosales Moreno,,
"07-8B1",M.J.,,
"07-8B1",Huete Morales,,
"07-8B1",M.D.,,
"07-8B1",Vargas Jiménez,,
"07-8B1",M,,
"07-8B1",Abad Montes,,
"07-8B1",F.,,
"07-8B2",Janet Chaseling,,
"07-8B3",David Lucy,,
"07-8C1",Aklilu Zeleke,,
"07-8C1",Carl Lee,,
"07-8C1",John Daniels,,
"07-8C2",John Gabrosek,,
"07-8C3",Theodore Chadjipadelis,,
"07-8C3",Ioannis Andreadis,,
"07-8D1",Ernesto San Martín,,
"07-8D2",Karen François,,
"07-8D2",Nele Bracke,,
"07-8D3",Roberto Behar Gutiérrez,,
"07-8D3",Mario Miguel Ojeda,,
"07-8D4",Gilberte Schuyten,,
"07-8D4",M. Gabriella Ottaviani,,
"07-9A1",Liliana Tauber,Universidad Nacional del Litoral,Argentina
"07-9A2",Irene Mauricio Cazorla,,
"07-9A4",Audy Salcedo,,
"07-9B1",M. V. Polaki,,
"07-9B2",Temesgen Zewotir,,
"07-9B3",Feisal A. Yunis,,
"07-9C1",Li Jun,,
"07-9C1",Zhao Xiaoping,,
"07-9C2",Michiko Watanabe,,
"07-9C2",Kazunori Yamaguchi,,
"07-9D1",Mary Townsend,,
"07-9D2",Soo Kong,,
"07-9D2",Anthony Harradine,,
"07-9D3",Emma Knights,,
"08-1A1",Glenn Jones,,
"08-1A2",Karen Smith,,
"08-1A3",Martin Bland,,
"08-1A3",Douglas Altman,,
"08-1B1",Joanna Littlechild,,
"08-1B1",Bav Hirani,,
"08-1B3",Ben Kiregyera,,
"08-1C1",Shirley Coleman,,
"08-1C1",Richard Browne,,
"08-1C2",Oriol Camps-Lorente,,
"08-1C2",Xavier Tort-Martorell,,
"08-1C3",Masha Etkind,,
"08-1C3",Uri Shafrir,,
"08-1C3",Ron Kenett,,
"08-1C4",Stefano Barone,,
"08-1C4",Eva Lo Franco,,
"08-1D3",Gabriella Belli,,
"08-1F1",Enrico Giovannini,,
"08-1F2",Maria Manuel da Silva Nascimento,,
"08-1F2",José Alexandre Martins,,
"08-1F3",Maseka Lesaoana,,
"08-1F3",Maupi Letsoalo,,
"08-1G1",Donald L Bentley,,
"08-1G2",Jessica Utts,,
"08-2A1",Steven Nisbet,,
"08-2A2",Cynthia Langrall,,
"08-2A3",Jill Fielding-Wells,,
"08-2A4",Efi Paparistodemou,,
"08-2A4",Maria Meletiou-Mavrotheris,,
"08-2B1",Hugo Hernández,,
"08-2B1",Verônica Yumi Kataoka,,
"08-2B1",Marcelo Silva de Oliveira,,
"08-2B2",Jerry Moreno,,
"08-2B3",Doreen Connor,,
"08-2B4",Daren Starnes,,
"08-2B4",Roxy Peck,,
"08-2C1",Lu Zou,,
"08-2C1",Chetna Patel,,
"08-2C1",Brigitte Garcia de Jager,,
"08-2C2",Brad Payne,,
"08-2C2",Eleanor Stillman,,
"08-2C3",Henry Kranendonk,,
"08-2D1",Stewart Andrews,VSN International Ltd,Reino Unido
"08-2D2",Pip Arnold,,
"08-2D2",Maxine Pfannkuch,,
"08-2D3",Vishakha Parvate,KCP Technologies,Estados Unidos
"08-2D4",Gail Burrill,Michigan State University,Estados Unidos
"08-2E1",Sandra Madden,,
"08-2E2",Lucia Zapata-Cardona,,
"08-2E3",Tim Burgess,,
"08-2E4",Andee Rubin,TERC,Estados Unidos
"08-2F1",Helena Wessels,,
"08-2F1",Hercules Nieuwoudt,,
"08-2F2",Helen Chick,,
"08-2F2",Robyn Pierce,,
"08-2F4",Anthony Bill,University of Tasmania,Austrália
"08-3A1",Juan D Godino,,
"08-3A2",Theodore Chadjipadelis,Aristotle University of Thessaloniki,Grécia
"08-3A2",Efi Paparistodemou,European University Cyprus,Chipre
"08-3A2",Maria Meletiou-Mavrotheris,European University Cyprus,Chipre
"08-3A3",Katie Makar,,
"08-3A4",Ana Luisa Gómez Blancarte,,
"08-3A4",Ernesto Sánchez,,
"08-3B1",Carlos Eduardo Monteiro,Universidade Federal de Pernambuco,Brasil
"08-3B1",Andreika Asseker,Universidade Federal de Pernambuco,Brasil
"08-3B1",Liliane Carvalho,Universidade Federal de Pernambuco,Brasil
"08-3B1",Tânia Campos,Universidade Bandeirante de São Paulo - UNIBAN,Brasil
"08-3B2",Tim Jacobbe,,
"08-3B3",Aisling Leavy,,
"08-3C1",Thomas Wassong,,
"08-3C1",Rolf Biehler,,
"08-3C2",Carmen Maxara,Paderborn University,Alemanha
"08-3C2",Rolf Biehler,Paderborn University,Alemanha
"08-3C3",William Finzer,KCP Technologies,Estados Unidos
"08-3C4",Santiago Inzunsa,Universidad Autónoma de Sinaloa,México
"08-3C4",José Alfredo Juárez,Universidad Autónoma de Sinaloa,México
"08-3D1",Dani Ben-Zvi,,
"08-3D2",Erna Lampen,,
"08-3D3",Adri Dierdorp,,
"08-3D3",Arthur Bakker,,
"08-3D3",Jan van Maanen,,
"08-3D3",Harrie Eijkelhof,,
"08-3E1",Anneke Verschut,,
"08-3E1",Arthur Bakker,,
"08-3E2",Carl Lee,,
"08-3E3",Christine Franklin,,
"08-3E3",Gary Kader,,
"08-3F1",Ramesh Kapadia,,
"08-3F2",Ödön Vancsó,,
"08-3F3",Kathryn Laskey,,
"08-3F3",Laura Martignon,,
"08-3G1",Bruno de Sousa,New University of Lisbon,Portugal
"08-3G1",José Vicente Novegil Souto,University of Vigo,Espanha
"08-3G2",W Robert Stephenson,,
"08-3G3",Lawrence Lesser,,
"08-3I1",R Adam Molnar,,
"08-3I2",Matina Rassias,,
"08-3I3",Helen Johnson,,
"08-3I3",Helen Thompson,,
"08-4A1",Larry Weldon,,
"08-4A2",Kevin Keen,,
"08-4A3",Lena Zetterqvist,,
"08-4B1",Ricardo Cao,University of A Coruña,Espanha
"08-4B1",Salvador Naya,University of A Coruña,Espanha
"08-4B2",Joachim Engel,Ludwigsburg University of Education,Alemanha
"08-4B3",Marlene Müller,Fraunhofer ITWM,Alemanha
"08-4C1",Elisabeth Svensson,,
"08-4C2",Mojtaba Ganjali,Shahid Beheshti University,Irã
"08-4C3",Ann A O’Connell,,
"08-4D1",Xiao-Li Meng,,
"08-4D1",Kari Lock,,
"08-4D3",Eric Sowey,,
"08-4D3",Peter Petocz,,
"08-4D4",Jeffrey Witmer,,
"08-4E1",Jennifer Brown,University of Canterbury,Nova Zelândia
"08-4E1",Irene David,University of Canterbury,Nova Zelândia
"08-4E2",Philip Sedgwick,,
"08-4E3",Rosie McNiece,,
"08-4F1",Fiona Fidler,La Trobe University,Austrália
"08-4F1",Lisa L Harlow,University of Rhode Island,Estados Unidos
"08-4F1",Geoff Cumming,La Trobe University,Austrália
"08-4F1",Jacenta Abbott,La Trobe University,Austrália
"08-4F2",Elly Korendijk,University of Utrecht,Países Baixos
"08-4F2",Joop Hox,University of Utrecht,Países Baixos
"08-4F3",Wayne Velicer,,
"08-4F4",Sigbert Klinke,Humboldt-Universität zu Berlin,Alemanha
"08-4F4",Andrija Mihoci,Humboldt-Universität zu Berlin,Alemanha
"08-4F4",Wolfgang Härdle,Humboldt-Universität zu Berlin,Alemanha
"08-4G1",Shonda Kuiper,,
"08-4G2",Mike Forster,,
"08-4G2",Helen MacGillivray,,
"08-4G3",Katherine Halvorsen,,
"08-4H1",Heather Smith,,
"08-4H1",John Walker,,
"08-4H2",Wessel Hendrik Moolman,,
"08-4H3",Sue Finch,,
"08-4H3",Ian Gordon,,
"08-4I1",Carmen Díaz,,
"08-4I2",Bill Bolstad,,
"08-4I3",Lisbeth Cordani,,
"08-4I4",Stefan Krauss,University of Regensburg,Alemanha
"08-4I4",Georg Bruckmaier,University of Regensburg,Alemanha
"08-4I4",Laura Martignon,Ludwigsburg University of Education,Alemanha
"08-4J1",Alina Matei,University of Neuchâtel,Suíça
"08-4J1",Yves Tillé,University of Neuchâtel,Suíça
"08-4J2",Anne Ruiz-Gazen,Toulouse School of Economics,França
"08-4J2",Camelia Goga,Université de Bourgogne,França
"08-4J3",Pierre Lavallée,,
"08-5A1",Martha Aliaga,,
"08-5A1",Rebecca Nichols,,
"08-5A2",Rachelle Hackett,,
"08-5A3",Carmen Batanero,,
"08-5A3",Pedro Arteaga,,
"08-5A3",Blanca Ruiz,,
"08-5A3",Rafael Roa,,
"08-5B1",Claudette Vendramini,,
"08-5B1",Samantha Oliveira Nogueira,,
"08-5B1",Fernanda Luzia Lopes,,
"08-5B2",Susan Starkings,,
"08-5B3",Tjaart Imbos,Maastricht University,Países Baixos
"08-5B3",Ton Ambergen,Maastricht University,Países Baixos
"08-5D1",James Nicholson,,
"08-5D1",Jim Ridgway,,
"08-5D1",Sean McCusker,,
"08-5D2",Rosemary Callingham,University of Tasmania,Austrália
"08-5D3",Michael Bulmer,,
"08-5E1",Jane Watson,,
"08-5E1",Erica Nathan,,
"08-5E2",Janet Ainley,,
"08-5E2",Dave Pratt,,
"08-5E3",Jennifer Kaplan,,
"08-5E3",Justin Thorpe,,
"08-5F1",Beth Chance,,
"08-5F1",John Holcomb,,
"08-5F1",Allan Rossman,,
"08-5F1",George Cobb,,
"08-5F2",Auðbjörg Björnsdóttir,,
"08-5F2",Andrew Zieffler,,
"08-5F2",Joan Garfield,,
"08-5F2",Robert C delMas,,
"08-5F3",Michelle Sisto,,
"08-5F3",Tisha Hooks,,
"08-5F3",Michael Posner,,
"08-5F3",Dale Berger,,
"08-6A1",Lyman McDonald,,
"08-6A2",William Harper,,
"08-6A2",Isobel Clark,,
"08-6A3",Ian Westbrooke,,
"08-6C1",Bryan F. J. Manly,,
"08-6C2",Galina Kamyshova,,
"08-6C3",John Harraway,University of Otago,Nova Zelândia
"08-6C4",Gillian Lancaster,,
"08-6D1",Willi Sauerbrei,,
"08-6D1",Patrick Royston,,
"08-6D2",Stephen Senn,,
"08-6D3",Geert Molenberghs,,
"08-6E1",Phaedra Corso,,
"08-6E2",Jennifer Freeman,,
"08-6E2",Jim Crossley,,
"08-6E2",Fergus Hamilton,,
"08-6E2",Claire Kok Shun,,
"08-6E2",Molebedi Segwagwe,,
"08-6E2",Philip Sedgwick,,
"08-6E3",Sharleen Forbes,,
"08-6E3",Paul Bucknall,,
"08-6E3",Nathaniel Pihama,,
"08-6F1",Debra Hydorn,,
"08-6F2",Julie Legler,,
"08-6F3",Herbert Thijs,,
"08-6F4",Golden Jackson,,
"08-6G1",Alison Gibbs,,
"08-6G1",Tim Guimond,,
"08-6G2",Anna Reid,,
"08-6G2",Peter Petocz,,
"08-6G2",Lars Owe Dahlgren,,
"08-6G2",Madeleine Abrandt Dahlgren,,
"08-6G3",Gemma Hamilton,,
"08-6G4",Kay Lipson,,
"08-6G4",Glenda Francis,,
"08-7A1",Milo Schield,,
"08-7A2",Rebecca Goldin,,
"08-7A3",Kevin McConway,,
"08-7B2",Robin Lock,,
"08-7B4",Vittorio Addona,,
"08-7C1",Caterina Primi,,
"08-7C1",Francesca Chiesi,,
"08-7C2",Noëlle Zendrera,,
"08-7C3",Assumpta Estrada,,
"08-7C3",Jorge Bazán,,
"08-7C3",Ana Aparicio,,
"08-7D1",Helle Rootzén,,
"08-7D3",Andreja Drobni? Vidic,University of Ljubljana,Eslovênia
"08-7D4",Richard Wilson,,
"08-7E1",Margaret MacDougall,,
"08-7E2",Diana Battistutta,,
"08-7E2",Helen Johnson,,
"08-7E2",Cameron Hurst,,
"08-7E2",Dimitrios Vagenas,,
"08-7E2",Ross Young,,
"08-7E3",Ruth Allen,,
"08-7E3",Andrew Folkard,,
"08-7E3",Gillian Lancaster,,
"08-7E3",Bev Abram,,
"08-7F2",Bart De Ketelaere,,
"08-7F2",Paul Darius,,
"08-7F3",Iddo Gal,,
"08-7F3",Irena Ograjenšek,,
"08-7G1",Stephanie Budgett,,
"08-7G1",Maxine Pfannkuch,,
"08-7G2",Sean McCusker,,
"08-7G2",Jim Ridgway,,
"08-7G2",James Nicholson,,
"08-7G3",Marian Kemp,,
"08-7G3",Barry Kissane,,
"08-7G4",Ian Gordon,,
"08-7G4",Sue Finch,,
"08-7H2",Reija Helenius,,
"08-7H3",Dennis Trewin,,
"08-8A1",Sue Allmond,,
"08-8A1",Katie Makar,,
"08-8A2",Rich Lehrer,Vanderbilt University,Estados Unidos
"08-8A2",Cliff Konold,University of Massachusetts,Estados Unidos
"08-8A2",Min-Joung Kim,Vanderbilt University,Estados Unidos
"08-8A3",Einat Gil,University of Haifa,Israel
"08-8A3",Dani Ben-Zvi,University of Haifa,Israel
"08-8A4",Noleine Fitzallen,University of Tasmania,Austrália
"08-8A4",Jane Watson,University of Tasmania,Austrália
"08-8B1",Chris Wild,,
"08-8B1",Maxine Pfannkuch,,
"08-8B1",Matt Regan,,
"08-8B1",Nicholas Horton,,
"08-8B2",Maxine Pfannkuch,,
"08-8B3",Robert C delMas,,
"08-8B3",Joan Garfield,,
"08-8B3",Andrew Zieffler,,
"08-8B4",Jennifer Noll,,
"08-8B4",Mike Shaughnessy,,
"08-8B4",Matthew Ciancetta,,
"08-8C1",Phillip Kent,,
"08-8C1",Dave Pratt,,
"08-8C1",Ralph Levinson,,
"08-8C1",Cristina Yogui,,
"08-8C1",Ramesh Kapadia,,
"08-8C2",Laura Martignon,,
"08-8C2",Marco Monti,,
"08-8C3",Tim Erickson,,
"08-8D1",John Holcomb,Cleveland State University,Estados Unidos
"08-8D1",Beth Chance,California Polytechnic State University,Estados Unidos
"08-8D1",Allan Rossman,California Polytechnic State University,Estados Unidos
"08-8D1",Emily Tietjen,California Polytechnic State University,Estados Unidos
"08-8D1",George Cobb,Mount Holyoke College,Estados Unidos
"08-8D2",Sibel Kazak,Pamukkale University,Turquia
"08-8D2",Cliff Konold,University of Massachusetts,Estados Unidos
"08-8D3",Rolf Biehler,Paderborn University,Alemanha
"08-8D3",Andreas Prömmel,Universität Kassel,Alemanha
"08-8D4",Luis Saldanha,,
"08-8E1",Nel Verhoeven,,
"08-8E2",Chris Reading,,
"08-8E2",Jackie Reid,,
"08-8E3",Andreas Eichler,,
"08-8F1",Finbarr Sloane,,
"08-8F2",Robert Boruch,,
"08-8F2",Erling Boe,,
"08-8F3",Sashi Sharma,,
"08-8I1",Corinne Hahn,,
"08-8I2",Peter Martin,,
"08-8I4",Arthur Bakker,University of Utrecht,Países Baixos
"08-8I4",Monica Wijers,University of Utrecht,Países Baixos
"08-8I4",Sanne Akkerman,University of Utrecht,Países Baixos
"08-8J2",Rink Hoekstra,,
"08-8J2",Henk Kiers,,
"08-8J2",Addie Johnson,,
"08-8J4",Geoff Cumming,,
"08-9A1",Stefan Steiner,University of Waterloo,Canadá
"08-9A1",R Jock MacKay,University of Waterloo,Canadá
"08-9A2",Deborah Nolan,University of California,Estados Unidos
"08-9A2",Duncan Temple Lang,University of California,Estados Unidos
"08-9A3",Jim Ridgway,University of Durham,Reino Unido
"08-9A3",James Nicholson,University of Durham,Reino Unido
"08-9B1",Paul Murrell,University of Auckland,Nova Zelândia
"08-9B2",Duncan Temple Lang,University of California,Estados Unidos
"08-9B2",Deborah Nolan,University of California,Estados Unidos
"08-9B3",Jane M Horgan,Dublin City University,Irlanda
"08-9C1",Luc Duchateau,Ghent University,Bélgica
"08-9C1",Liesbeth Lievens,Catholic University Leuven,Bélgica
"08-9C1",Paul Darius,Catholic University Leuven,Bélgica
"08-9C2",Jorge Domínguez-Domínguez,CIMAT Mathematics Research Center,México
"08-9C2",Axel Dominguez-Lopez,CIMAT Mathematics Research Center,México
"08-9C3",Koo Rijpkema,Eindhoven University of Technology,Países Baixos
"08-9C3",Emiel van Berkum,Eindhoven University of Technology,Países Baixos
"08-9C3",Marko Boon,Eindhoven University of Technology,Países Baixos
"08-9C3",Alessandro di Bucchianico,Eindhoven University of Technology,Países Baixos
"08-9D1",Hadley Wickham,Rice University,Estados Unidos
"08-9D2",Adrian Bowman,The University of Glasgow,Reino Unido
"08-9E1",Dirk Tempelaar,Maastricht University,Países Baixos
"08-9E1",Bart Rienties,Maastricht University,Países Baixos
"08-9E1",Sybrand van der Loeff,Maastricht University,Países Baixos
"08-9E1",Bas Giesbers,Maastricht University,Países Baixos
"08-9E2",Camille Peres,University of Houston - Clear Lake,Estados Unidos
"08-9E2",David Lane,Rice University,Estados Unidos
"08-9E2",Katherine R Griggs,University of Houston - Clear Lake,Estados Unidos
"08-9E3",Tae Rim Lee,Korea National Open University,Coreia do Sul
"08-9E4",Zenaida Mateo,University of Manitoba,Canadá
"08-9F2",Hans-Joachim Mittag,University of Hagen,Alemanha
"08-9F3",Kate Richards,University of Plymouth,Reino Unido
"08-9F3",Neville Davies,University of Plymouth,Reino Unido
"08-9F3",Mark Crowley,Nottingham Trent University,Reino Unido
"08-9G1",Glenda Francis,Swinburne University of Technology,Austrália
"08-9G2",Candace Thille,Carnegie Mellon University,Estados Unidos
"08-9G2",Marsha Lovette,Carnegie Mellon University,Estados Unidos
"08-9G2",Oded Meyer,Carnegie Mellon University,Estados Unidos
"08-9G3",Doug Stirling,Massey University,Nova Zelândia
"08-10A1",D. S. Hooda,,
"08-10A2",Josefina Almeda,,
"08-10A2",Erniel B Barrios,,
"08-10A3",Gervacio Selda,,
"08-10A4",Lisa Grace Bersales,,
"08-10B3",Charles Opolot-Okurut,,
"08-10C1",Liza Lorena Jala,,
"08-10C1",Enriqueta Reston,,
"08-10C2",Delia North,,
"08-10C2",Jackie Scheiber,,
"08-10C2",Maria Gabriella Ottaviani,,
"08-10C3",M Alejandra Sorto,,
"08-10C4",Adriana D’Amelio,,
"08-10D1",Kazuhiro Aoyama,,
"08-10D4",James Cochran,,
"08-10E1",Paola Giacché,Italian National Institute of Statistics,Itália
"08-10E1",Giovanni A Barbieri,Italian National Institute of Statistics,Itália
"08-10E2",Markus Zwick,,
"08-10E2",Tim Hochguertel,,
"08-10E3",Enriqueta Reston,,
"08-10F1",Irene Cazorla,,
"08-10F1",Tânia Campos,,
"08-10F1",Cláudia Borim da Silva,,
"08-10F1",Verônica Yumi Kataoka,,
"08-10F2",Teresita Evelina Terán,,
"08-10F2",Mercedes Anido de López,,
"08-10F3",Marcos Magalhães,,
"08-10F4",Ângela Tavares Paes,,
"08-10G2",Metka Zaletel,,
"08-10G2",Len Cook,,
"08-10G3",Neville Davies,,
"08-10G3",Vic Barnett,,
"08-10G3",John Marriott,,
"08-10G4",John Marriott,,
"08-10G4",Vic Barnett,,
"08-10G4",Neville Davies,,
"09-1A1",Jane Watson,,
"09-1A2",Christine Franklin,,
"09-1A3",Carmen Batanero,,
"09-1A3",Maria M Gea,,
"09-1A3",Carmen Díaz,,
"09-1A3",Gustavo R Cañadas,,
"09-1C1",Péter Kovács,,
"09-1C2",Brian Phillips,,
"09-1C3",Kazunori Yamaguchi,,
"09-1C3",Michiko Watanabe,,
"09-1D1",Saleha Habibullah,,
"09-1D3",Ann A O’Connell,,
"09-1D3",Kassa Michael,,
"09-1D4",Enriqueta Reston,,
"09-1D4",Liza Lorena Jala,,
"09-1E1",Andrej Blejec,National Institute of Biology,Eslovênia
"09-1E2",Takuya Kudo,,
"09-1E2",Yoshihiro Hayashi,,
"09-1E2",Michiko Watanabe,,
"09-1E2",Tomiaki Morikawa,,
"09-1E2",Tomoyuki Furutani,,
"09-1E2",Manabu Iwasaki,,
"09-1E3",Alice Richardson,,
"09-1F1",Todd Swanson,,
"09-1F1",Jill VanderStoep,,
"09-1F1",Nathan Tintle,,
"09-1F2",Anne Michele Millar,,
"09-1F2",Bethany White,,
"09-1F3",Michael Posner,,
"09-1F4",Caroline Ramirez,,
"09-1F4",Marjorie Bond,,
"09-2A1",Denise Spangler,,
"09-2A2",Lyn English,,
"09-2A3",Debra McPhee,,
"09-2A3",Katie Makar,,
"09-2B1",Tim Jacobbe,,
"09-2B1",Steve Foti,,
"09-2B1",Douglas Whitaker,,
"09-2B2",Jill Fielding-Wells,,
"09-2B3",Tim Burgess,Massey University,Nova Zelândia
"09-2C1",Rolf Biehler,,
"09-2C2",Tim Jacobbe,,
"09-2C2",Steve Foti,,
"09-2C2",Catherine Case,,
"09-2C2",Douglas Whitaker,,
"09-2C3",Stefania Mignani,,
"09-2C3",M Gabriella Ottaviani,,
"09-2C3",Robert Ricci,,
"09-2C4",Verônica Yumi Kataoka,,
"09-2C4",Cláudia Borim da Silva,,
"09-2C4",Irene Cazorla,,
"09-2D1",Alain Bihan-Poudec,,
"09-2D1",Philippe Dutarte,,
"09-2D2",Daren Starnes,,
"09-2D3",Gail Burrill,,
"09-2E1",Sue Allmond,Jindalee State School,Austrália
"09-2E1",Katie Makar,The University of Queensland,Austrália
"09-2E2",Ana Serradó-Bayés,,
"09-2E3",Nirmala Naresh,,
"09-2F1",Tamara Pearson,,
"09-2F2",Christine Browning,Western Michigan University,Estados Unidos
"09-2F2",Joshua Goss,Western Michigan University,Estados Unidos
"09-2F2",Dustin Smith,Western Michigan University,Estados Unidos
"09-2F3",Sylvain Vermette,,
"09-2F3",Linda Gattuso,,
"09-2G1",Difariney González,,
"09-2G1",Lucía Zapata-Cardona,,
"09-2G2",Ana Luisa Gómez-Blancarte,,
"09-2G2",Isaias Miranda Viramontes,,
"09-2G3",Erna Lampen,,
"09-2G4",Michael Shaughnessy,,
"09-3A1",Maria Meletiou-Mavrotheris,European University Cyprus,Chipre
"09-3A1",Irene Kleanthous,Cyprus Ministry of Education,Chipre
"09-3A1",Efi Paparistodemou,Cyprus Pedagogical Institute,Chipre
"09-3A2",Cláudia Borim da Silva,,
"09-3A2",Verônica Yumi Kataoka,,
"09-3A2",Irene Cazorla,,
"09-3A3",Jennifer L Green,,
"09-3A3",Erin E Blankenship,,
"09-3B1",Yoshinori Fujii,,
"09-3B1",Hiromi Fukazawa,,
"09-3B1",Akinobu Takeuchi,,
"09-3B1",Michiko Watanabe,,
"09-3B2",Stephanie Casey,,
"09-3B3",Min-Sun Park,,
"09-3B3",Kyeong-Hwa Lee,,
"09-3C1",Robert C delMas,,
"09-3C2",James Baglin,,
"09-3C3",Tim Jacobbe,,
"09-3C3",Douglas Whitaker,,
"09-3C3",Catherine Case,,
"09-3C3",Steve Foti,,
"09-3D1",Jocelyn Cumming,University of Auckland,Nova Zelândia
"09-3D1",Christine Miller,University of Auckland,Nova Zelândia
"09-3D1",Maxine Pfannkuch,University of Auckland,Nova Zelândia
"09-3D2",David Stern,Maseno University,Quênia
"09-3D3",Parina Patel,,
"09-3D3",Oded Meyer,,
"09-3D4",Thomas Wassong,Paderborn University,Alemanha
"09-3D4",Rolf Biehler,Paderborn University,Alemanha
"09-3E1",Katharine Richards,,
"09-3E1",Neil Sheldon,,
"09-3E1",Neville Davies,,
"09-3E2",Anna Bargagliotti,,
"09-3E2",Celia Anderson,,
"09-3E2",Stephanie Casey,,
"09-3E2",Michelle Everson,,
"09-3E2",Christine Franklin,,
"09-3E2",Robert Gould,,
"09-3E2",Randall Groth,,
"09-3E2",John Haddock,,
"09-3E2",Ann Watkins,,
"09-3E3",Brandon Hanson,,
"09-3E3",Jeremy Strayer,,
"09-3E3",Katherine Mangione,,
"09-3E3",Jessica Brown,,
"09-3E3",Jeffrey Pair,,
"09-3F1",Juan D Godino,,
"09-3F1",Pedro Arteaga,,
"09-3F1",Hernán Rivas,,
"09-3F2",Ernesto Sánchez,,
"09-3F2",Verónica Hoyos,,
"09-3F3",Ana Henriques,,
"09-3F3",João Pedro da Ponte,,
"09-4A1",A Marie Fitch,,
"09-4A1",Matt Regan,,
"09-4A2",Soma Roy,,
"09-4A2",Allan Rossman,,
"09-4A2",Beth Chance,,
"09-4A2",George Cobb,,
"09-4A2",Jill VanderStoep,,
"09-4A2",Nathan Tintle,,
"09-4A2",Todd Swanson,,
"09-4A3",Robin Lock,St. Lawrence University,Estados Unidos
"09-4A3",Patti Frazer Lock,St. Lawrence University,Estados Unidos
"09-4A3",Kari Lock Morgan,Duke University,Estados Unidos
"09-4A3",Eric Lock,Duke University,Estados Unidos
"09-4A3",Dennis Lock,Iowa State University,Estados Unidos
"09-4B1",Jennifer Kaplan,University of Georgia,Estados Unidos
"09-4B2",Michael Forster,,
"09-4B3",Wayne Stewart,,
"09-4B3",Sepideh Stewart,,
"09-4B4",Gillian Lancaster,,
"09-4B4",Andrew Titman,,
"09-4C1",Catherine Dehon,,
"09-4C3",Dungang Liu,,
"09-4C3",Regina Y Liu,,
"09-4C3",Min-ge Xie,,
"09-4C4",E Jacquelin Dietz,,
"09-4D1",Deborah Nolan,,
"09-4D2",Courtney Couvreur,,
"09-4D4",Josh Tabor,,
"09-4E1",Francesca Chiesi,,
"09-4E1",Caterina Primi,,
"09-4E1",Ayse Bilgin,,
"09-4E1",Maria Virginia Lopez,,
"09-4E1",Maria del Carmen Fabrizio,,
"09-4E2",Aklilu Zeleke,,
"09-4E2",Carl Lee,,
"09-4E2",Chin-I Cheng,,
"09-4E2",Jennifer Daniels,,
"09-4E2",Kundana Divi,,
"09-4E3",Ayse Bilgin,,
"09-4E3",Sitki Gozlu,,
"09-4F2",Robert Gould,,
"09-4F4",Joachim Engel,,
"09-5A1",Sharleen Forbes,,
"09-5A1",Tania Janssen,,
"09-5A2",Nancy Potok,,
"09-5A2",Amy O’Hara,,
"09-5A2",Ron Jarmin,,
"09-5A3",Olushina Olawale Awe,,
"09-5A3",Eric A Vance,,
"09-5A4",Oliver Herrmann,,
"09-5B2",Shirley Coleman,,
"09-5B2",Alex Douglas,,
"09-5B2",Jiyu Anthony,,
"09-5B3",Sharleen Forbes,,
"09-5B3",Alan Keegan,,
"09-5B4",Iddo Gal,,
"09-5B4",Hani Shilton,,
"09-5D1",Jennifer Brown,,
"09-5D1",Irene David,,
"09-5D1",Elena Moltchanova,,
"09-5D1",Hilary Seddon,,
"09-5D1",Jenny Harlow,,
"09-5D2",Doug Montgomery,,
"09-5D3",Halimatou Ndiaye,,
"09-5D3",Sébastien Castric,,
"09-5D3",Zohra Cherfi,,
"09-5D3",Michael Huchette,,
"09-5D3",Paul Schimmerling,,
"09-5E1",Sara Fett,,
"09-5F1",Richard Wilson,The University of Queensland,Austrália
"09-5F1",John Maindonald,Australian National University,Austrália
"09-5F2",Jorge Navarro Alberto,Universidad Autónoma de Yucatán,México
"09-5F3",Ian Westbrooke,Department of Conservation,Nova Zelândia
"09-5F3",Peter Ellis,"Ministry of Business, Innovation and Employment",Nova Zelândia
"09-5H1",Mojca Bavdaž,,
"09-5H1",Irena Ograjenšek,,
"09-5H1",Lejla Perviz,,
"09-5H2",John Harraway,,
"09-5H3",Glenn Johnson,,
"09-5H3",Durland Shumway,,
"09-6A1",Egan Chernoff,,
"09-6A2",Laura Martignon,,
"09-6A2",Tim Erickson,,
"09-6A3",Per Nilsson,,
"09-6A3",Per Blomberg,,
"09-6A3",Jonas Bergman Ärlebäck,,
"09-6B1",Beth Chance,,
"09-6B1",Karen McGaughey,,
"09-6B2",Ian Hay,,
"09-6B3",Rink Hoekstra,,
"09-6C2",Luis Saldanha,Université du Québec à Montréal,Canadá
"09-6C2",Michael McAllister,Arizona State University,Estados Unidos
"09-6C3",Judith Stanja,,
"09-6D1",Lisbeth Cordani,,
"09-6D2",Maurizio Manuguerra,Macquarie University,Austrália
"09-6D2",Peter Petocz,Macquarie University,Austrália
"09-6D3",Dionysia Bakogianni,,
"09-6D3",Efi Paparistodemou,,
"09-6D3",Despina Potari,,
"09-6E1",Richard Lehrer,,
"09-6E1",Ryan Seth Jones,,
"09-6E1",Min-Joung Kim,,
"09-6E2",J Todd Lee,,
"09-6E2",Hollylynne Stohl Lee,,
"09-6E3",Theodosia Prodromou,University of New England,Austrália
"09-6F1",Maria Pia Perelli D’Argenzio,,
"09-6F1",Silio Rigatti-Luchini,,
"09-6F2",Marcos Magalhães,Universidade de São Paulo - USP,Brasil
"09-6F3",Michael Fletcher,,
"09-7A1",Milo Schield,,
"09-7A2",Lawrence Lesser,,
"09-7A3",Nicola Ward Petty,Statistics Learning Centre,Nova Zelândia
"09-7B1",Jeffrey Hovermill,,
"09-7B1",Brian Beaudrie,,
"09-7B1",Barbara Boschmans,,
"09-7B2",Helena Wessels,,
"09-7B3",Sebastian Kuntze,,
"09-7C1",Penelope Bidgood,Kingston University,Reino Unido
"09-7C2",Tim Jacobbe,,
"09-7C2",Catherine Case,,
"09-7C2",Douglas Whitaker,,
"09-7C2",Steve Foti,,
"09-7C3",Helen Chick,,
"09-7C3",Robyn Pierce,,
"09-7C3",Roger Wander,,
"09-7D1",Alexandra Sturm,,
"09-7D1",Andreas Eichler,,
"09-7D2",Kimmo Vehkalahti,,
"09-7D3",Esther Isabelle Wilder,,
"09-7D3",Elin Waring,,
"09-7D3",Frank Wang,,
"09-7D3",Dene Hurley,,
"09-7D4",John Bailer,,
"09-7E1",Einav Aizikovitsh-Udi,,
"09-7E1",Sebastian Kuntze,,
"09-7E2",Ute Sproesser,,
"09-7E2",Sebastian Kuntze,,
"09-7E2",Joachim Engel,,
"09-7E3",Nicole Mee-Hyaang Jinn,,
"09-7F1",Laura Ziegler,,
"09-7F2",Alexandra Kapatou,,
"09-7F3",Antonio Orta,,
"09-7F3",Ernesto Sánchez,,
"09-8A1",Stephanie Budgett,,
"09-8A1",Chris Wild,,
"09-8A2",Janina Oesterhaus,,
"09-8A2",Rolf Biehler,,
"09-8A3",Nathan Tintle,,
"09-8A3",Ally Rogers,,
"09-8A3",Beth Chance,,
"09-8A3",George Cobb,,
"09-8A3",Allan Rossman,,
"09-8A3",Soma Roy,,
"09-8A3",Todd Swanson,,
"09-8A3",Jill VanderStoep,,
"09-8B1",Andrew Zieffler,,
"09-8B1",Robert C delMas,,
"09-8B1",Joan Garfield,,
"09-8B1",Ethan Brown,,
"09-8B2",Tim Hesterberg,,
"09-8B3",Mia Stephens,JMP Software,Estados Unidos
"09-8B3",Robert H Carver,Stonehill College,Estados Unidos
"09-8B3",Don McCormack,JMP Software,Estados Unidos
"09-8C1",Katie Makar,,
"09-8C1",Andee Rubin,,
"09-8C2",Hana Manor Braham,,
"09-8C2",Dani Ben-Zvi,,
"09-8C2","Keren Aridor-Berger,",,
"09-8C3",Kosoom Kreetong,,
"09-8D1",Einat Gil,,
"09-8D1",Dani Ben-Zvi,,
"09-8D2",Bridgette L Jacob,,
"09-8D2",Helen Doerr,,
"09-8D3",Noleine Fitzallen,University of Tasmania,Austrália
"09-8D3",Jane Watson,University of Tasmania,Austrália
"09-8E1",Manfred Borovcnik,,
"09-8E2",Julio C Valdez,,
"09-8E2",Ernesto Sánchez,,
"09-8E3",Aaron Weinberg,,
"09-8F1",Adair Mendes Nacarato,,
"09-8F1",Regina Célia Grando,,
"09-8F2",Lucía Zapata-Cardona,,
"09-8F3",Leandro de Oliveira Souza,,
"09-8F4",Raquel Santos,,
"09-8F4",João Pedro da Ponte,,
"09-8G1",Pip Arnold,,
"09-8G1",Maxine Pfannkuch,,
"09-8G3",Pieternella Verhoeven,,
"09-8G3",Dirk Tempelaar,,
"09-8G4",Markus Vogel,,
"09-8G4",Andreas Eichler,,
"09-8I3",Christoph Till,,
"09-8I4",Kathryn Laskey,,
"09-8I4",Laura Martignon,,
"09-8J1",Maxine Pfannkuch,University of Auckland,Nova Zelândia
"09-8J1",Stephanie Budgett,University of Auckland,Nova Zelândia
"09-8J2",Bernard Manyalla,Maseno University,Quênia
"09-8J2",Zachariah Mbasu,Maseno University,Quênia
"09-8J2",David Stern,Maseno University,Quênia
"09-8J2",Roger Stern,Maseno University,Quênia
"09-8J3",Daniel Frischemeier,Paderborn University,Alemanha
"09-9A1",Janet Ainley,University of Leicester,Reino Unido
"09-9A1",David Pratt,University of London,Reino Unido
"09-9A2",Susanne Podworny,Paderborn University,Alemanha
"09-9A2",Rolf Biehler,Paderborn University,Alemanha
"09-9A3",Keren Aridor-Berger,University of Haifa,Israel
"09-9A3",Dani Ben-Zvi,University of Haifa,Israel
"09-9B1",William Finzer,Concord Consortium,Estados Unidos
"09-9B2",Kari Lock Morgan,Duke University,Estados Unidos
"09-9B2",Robin Lock,St. Lawrence University,Estados Unidos
"09-9B2",Patti Frazer Lock,St. Lawrence University,Estados Unidos
"09-9B2",Eric Lock,Duke University,Estados Unidos
"09-9B2",Dennis Lock,Iowa State University,Estados Unidos
"09-9B3",Webster West,North Carolina State University,Estados Unidos
"09-9C1",James Ridgway,Durham University,Reino Unido
"09-9C1",James Nicholson,Durham University,Reino Unido
"09-9C1",Sean McCusker,Durham University,Reino Unido
"09-9C2",Amelia McNamara,University of California,Estados Unidos
"09-9C2",Mark Hansen,Columbia University,Estados Unidos
"09-9C3",Daniel Kaplan,Macalester College,Estados Unidos
"09-9C3",Paul Overvoorde,Macalester College,Estados Unidos
"09-9C3",Elizabeth Shoop,Macalester College,Estados Unidos
"09-9D1",Alison Gibbs,University of Toronto,Canadá
"09-9D2",John McGready,The Johns Hopkins Bloomberg School of Public Health,Estados Unidos
"09-9D3",Oded Meyer,Georgetown University,Estados Unidos
"09-9D3",Marsha Lovette,Carnegie Mellon University,Estados Unidos
"09-9D4",Jamie Lentin,Shuttle Thread,Reino Unido
"09-9D4",Anna Jonsdottir,University of Iceland,Islândia
"09-9D4",David Stern,Maseno University,Quênia
"09-9D4",Victoria Mokua,Maseno University,Quênia
"09-9D4",Gunnar Stefansson,University of Iceland,Islândia
"09-9E1",Andreas Prömmel,Gymnasium Ernestinum Gotha,Alemanha
"09-9E2",Sandra Madden,University of Massachusetts,Estados Unidos
"09-9E3",Hollylynne Stohl Lee,North Carolina State University,Estados Unidos
"09-9E3",Jennifer Nickell,North Carolina State University,Estados Unidos
"09-9F1",Sibel Kazak,University of Exeter,Reino Unido
"09-9F1",Taro Fujita,University of Exeter,Reino Unido
"09-9F1",Rupert Wegerif,University of Exeter,Reino Unido
"09-9F2",Peter Sedlmeier,Technische Universität Chemnitz,Alemanha
"09-9F3",Andreas Eichler,University of Education Freiburg,Alemanha
"09-9G1",Tim Erickson,Epistemological Engineering,Estados Unidos
"09-9G1",Mariel Triggs,Epistemological Engineering,Estados Unidos
"09-9G2",Minh Huynh,RMIT University,Austrália
"09-9G2",James Baglin,RMIT University,Austrália
"09-9G2",Anthony Bedford,RMIT University,Austrália
"09-9G3",Mitchum Bock,University of Glasgow,Reino Unido
"09-9G3",John McColl,University of Glasgow,Reino Unido
"09-10A2",Delia North,,
"09-10A2",Temesgen Zewotir,,
"09-10A2",Iddo Gal,,
"09-10A3",James Nicholson,,
"09-10A3",James Ridgway,,
"09-10A3",Sean McCusker,,
"09-10A4",Eoin MacCuirc,,
"09-10A4",Steve MacFeely,,
"09-10C1",Eugenio Chandía Muñoz,,
"09-10C1",Anita Araneda,,
"09-10C1",Alejandra Sorto,,
"09-10C1",José Luis Abreu León,,
"09-10C3",Rosemary Callingham,,
"09-10C3",Tim Burgess,,
"09-10C4",James Musyoka,,
"09-10C4",David Stern,,
"09-10C4",Roger Stern,,
"09-10E1",Raimundo Olfos,,
"09-10E1",Soledad Estrella,,
"09-10E1",Sergio Morales,,
"09-10E2",Jacqueline Wroughton,,
"09-10E3",Peter Petocz,,
"09-10E3",Aisha Newnham,,
"09-10E3",Emily Trussell,,
"09-10E3",Kirsten Warwick,,
"09-10E3",Allysia Jarrett,,
"09-10E3",Anna Reid,,
"09-10E3",Ayse Bilgin,,
"10-1A1",Shizue Izumi,,
"10-1A1",Michinori Hatayama,,
"10-1B1",Rolf Biehler,Paderborn University,Alemanha
"10-1B2",Amelia McNamara,Smith College,Estados Unidos
"10-1C1",Megan Mocko,,
"10-1C1",Michelle Everson,,
"10-1C2",Milo Schield,,
"10-1C3",Jane Watson,,
"10-1C3",Christine Franklin,,
"10-1C3",J. Michael Shaughnessy,,
"10-1D1",Rhys Jones,,
"10-1D2",Luis F. Rivera-Galicia,,
"10-1D3",Hiroto Fukuda,Okayama University of Science,Japão
"10-1E1",Alex Lyford,,
"10-1E1",Jennifer Kaplan,,
"10-1E2",James Nicholson,,
"10-1E2",Jim Ridgway,,
"10-1E3",Ana Gómez-Blancarte,,
"10-1E3",Alberto Santana,,
"10-1F1",Katie Makar,,
"10-1F2",K. Scott Alberts,,
"10-1F2",Hyun-Joo Kim,,
"10-1F2",Jillian Downey,,
"10-1F3",Hanan Innabi,,
"10-1G1",Per Nilsson,,
"10-1G1",Maike Schindler,,
"10-1G2",Carl Sherwood,,
"10-1G3",Cindy van Es,,
"10-1G3",Ritesh Shinde,,
"10-1H1",Jennifer Brown,,
"10-1H2",Patricia Rose Donato,,
"10-1H2",Isabella Benabaye,,
"10-1H2",Dominic Dayta,,
"10-1H2",Sean Oliver Escalante,,
"10-1H3",Sharleen Forbes,StatEd Consultancy,Nova Zelândia
"10-1H3",John Harraway,University of Otago,Nova Zelândia
"10-1H3",Bryndl Hohmann-Marriott,University of Otago,Nova Zelândia
"10-1I1",Yasuto Yoshizoe,,
"10-1I2",Akimichi Takemura,,
"10-1I3",Takuya Kudo,,
"10-1I3",Matsui Kenichi,,
"10-1I3",Shun Yoshida,,
"10-1I3",Michael Munn,,
"10-1I3",Ozlem Celik-Tinmaz,,
"10-1I3",Michiko Watanabe,,
"10-2A1",Anne Patel,University of Auckland,Nova Zelândia
"10-2A1",Maxine Pfannkuch,University of Auckland,Nova Zelândia
"10-2A2",Panchompoo Wisittanawat,,
"10-2A2",Richard Lehrer,,
"10-2A3",Michal Dvir,,
"10-2A3",Dani Ben-Zvi,,
"10-2B1",Jill Fielding-Wells,,
"10-2B1",Judith Hillman,,
"10-2B2",Lucía Zapata-Cardona,,
"10-2B3",Sibel Kazak,,
"10-2B3",David Pratt,,
"10-2B3",Rukiye Gökce,,
"10-2D1",Russasmita Sri Padmi,,
"10-2D1",Fina Hanifa Hidayati,,
"10-2D1",Mutiatul Hasanah,,
"10-2D2",Saleha Naghmi Habibullah,Kinnaird College For Women,Paquistão
"10-2D3",Carlos Mantilla,Industrial University of Santander,Colômbia
"10-2E1",Dani Ben-Zvi,University of Haifa,Israel
"10-2E2",Stephanie Casey,,
"10-2E2",Rick Hudson,,
"10-2E2",Lauren Ridley,,
"10-2E3",Rosemary Callingham,,
"10-2E3",Jane Watson,,
"10-2E3",Dianne Siemon,,
"10-2F1",Karin Landtblom,,
"10-2F2",Takashi Kawakami,,
"10-2F2",Kazuhiro Aoyama,,
"10-2F3",Arjen de Vetten,,
"10-2F3",Judith Schoonenboom,,
"10-2F3",Ronald Keijzer,,
"10-2F3",Bert Van Oers,,
"10-2G1",Takashi Kawakami,,
"10-2G2",Norihiro Nishinaka,,
"10-2G2",Atsushi Yoshikawa,,
"10-2G3",Enriqueta Reston,,
"10-2G3",Carmelita Loquias,,
"10-2H1",Shinichiro Matsumoto,,
"10-2H1",Kazuhiro Aoyama,,
"10-2H2",Pip Arnold,,
"10-2H2",Maxine Pfannkuch,,
"10-2H3",Rachel Passmore,University of Auckland,Nova Zelândia
"10-2I1",Eleazar Silvestre Castro,,
"10-2I1",Victor Garcia,,
"10-2I1",Ernesto Sánchez,,
"10-2I3",Hugo Hernández,Colegio de Ciencias y Humanidades,México
"10-2J1",Kimie Kazama,,
"10-2J1",Chieko Matsumoto,,
"10-2J2",Hisao Oikawa,,
"10-2J2",Shunichi Nomura,,
"10-2J3",Yusuke Nagumo,,
"10-3A1",Jim Ridgway,,
"10-3A1",Rosie Ridgway,,
"10-3A1",James Nicholson,,
"10-3A2",Alison Gibbs,,
"10-3A3",Johanna Hardin,,
"10-3A3",Nicholas Horton,,
"10-3B1",Nathan Tintle,,
"10-3B1",Jill VanderStoep,,
"10-3B2",Beth Chance,,
"10-3B2",Stephanie Mendoza,,
"10-3B2",Nathan Tintle,,
"10-3B3",Robin Lock,,
"10-3B3",Kari Lock Morgan,,
"10-3B3",Patti Frazer Lock,,
"10-3C1",Anna-Marie Fergusson,,
"10-3C1",Liza Bolton,,
"10-3C2",Volker Kraft,SAS Institute,Alemanha
"10-3C2",Rob Carver,Stonehill College,Estados Unidos
"10-3C3",Charlotte Bolch,University of Florida,Estados Unidos
"10-3C3",Tim Jacobbe,University of Florida,Estados Unidos
"10-3D2",Felipe Ruz,,
"10-3D2",José Miguel Contreras,,
"10-3D2",Elena Molina-Portillo,,
"10-3D3",Rachel Chaphalkar,,
"10-3E1",Florian Berens,,
"10-3E3",Zeynep Medine Özmen,,
"10-3E3",Adnan Baki,,
"10-3F1",Hunter Glanz,California Polytechnic State University,Estados Unidos
"10-3F1",Shannon Pileggi,California Polytechnic State University,Estados Unidos
"10-3F2",Victoria Woodard,Meredith College,Estados Unidos
"10-3F3",Brad Quiring,Mount Royal University,Canadá
"10-3G1",Ken Li,,
"10-3G1",Merrilyn Goos,,
"10-3G2",Johannes Schulz,,
"10-3G2",Amy Masnick,,
"10-3G2",Burkhard Priemer,,
"10-3G3",Susanne Podworny,Paderborn University,Alemanha
"10-3G3",Daniel Frischemeier,Paderborn University,Alemanha
"10-3G3",Rolf Biehler,Paderborn University,Alemanha
"10-3H1",Ethan Brown,,
"10-3H1",Robert delMas,,
"10-3H2",John Blake,,
"10-3H3",Emanuele Giorgi,,
"10-4A2",Difariney González-Gómez,,
"10-4A2",Lucía Zapata-Cardona,,
"10-4A3",Roberta Buehring,,
"10-4A3",Regina Célia Grando,,
"10-4A4",Solange Aparecida Corrêa,,
"10-4A4",Celi Espasandin Lopes,,
"10-4B1",Debra Mcphee,,
"10-4B1",Katie Makar,,
"10-4B2",Noleine Fitzallen,,
"10-4B2",Jane Watson,,
"10-4B2",Suzie Wright,,
"10-4B2",Bruce Duncan,,
"10-4B3",Sue Allmond,,
"10-4B3",Katie Makar,,
"10-4C2",Audy Salcedo,,
"10-4C3",Suzi Samá,,
"10-4C3",Mauren Porciúncula,,
"10-4C3",Claudette Vendramini,,
"10-4E1",Jill VanderStoep,,
"10-4E1",Olivia Couch,,
"10-4E1",Cassandra Lenderink,,
"10-4E2",Sylvain Vermette,,
"10-4E3",Shirlee Ocampo,De La Salle University,Filipinas
"10-4E3",Bladimir Ocampo,St. Scholastica’s College,Filipinas
"10-4F1",Vuslat Şeker,,
"10-4F2",José Antonio Orta Amaro,,
"10-4F2",David Alfonso Paez,,
"10-4F2",José Antonio Altamirano Abad,,
"10-4F2",Eleazar Silvestre Castro,,
"10-4F3",Hyung Won Kim,,
"10-4F3",Aaron Wilon,,
"10-4F3",Ho Kyoung Ko,,
"10-4G1",Tatjana von Rosen,,
"10-4G2",Thomas Wassong,,
"10-4G3",Susan Peters,,
"10-4H1",Mitsuru Matsushima,,
"10-4H2",Jackie Bryce Miller,,
"10-4H2",Melinda Baham,,
"10-4H3",Zeny Mateo,,
"10-4I1",Marcos Magalhães,,
"10-4I2",Eugenia Yu,,
"10-4I3",Elinor Jones,,
"10-4I3",Matina Rassias,,
"10-4I3",Simon Harden,,
"10-4I3",Niloufar Abourashchi,,
"10-4J2",Aklilu Zeleke,,
"10-4J2",Carl Lee,,
"10-4J3",Leyla Batakci,,
"10-4J3",Wendine Bolon,,
"10-4J3",Marjorie Bond,,
"10-4K1",Yasushi Nagata,,
"10-4K2",Kotaro Ohashi,,
"10-4K3",Mihoko Minami,,
"10-4K3",Tomoshige Nakamura,,
"10-4K4",Jinfang Wang,,
"10-4K4",Masataka Taguri,,
"10-5A1",Minako Marui,,
"10-5A2",Ryosuke Kurematsu,,
"10-5A3",Motoy Uematsu,,
"10-5C1",Yoshiyuki Kobayashi,,
"10-5C2",Kumar Ashish,United Nations Statistical Institute for Asia and the Pacific,Nações Unidas
"10-5C3",Seiji Takata,,
"10-5C3",Shizue Izumi,,
"10-5C3",Akimichi Takemura,,
"10-5D2",Karen François,,
"10-5D2",Emmanuel Abatih,,
"10-5D2",An Carbonez,,
"10-5D2",Els Goetghebeur,,
"10-5D2",Koen Plevoets,,
"10-5D3",Ayse Aysin Bilgin,,
"10-5D3",David Bulger,,
"10-5D3",Peter Petocz,,
"10-5E1",Sophie Lee,University College London,Reino Unido
"10-5E1",Eirini Koutoumanou,University College London,Reino Unido
"10-5E2",Caterina Primi,,
"10-5E2",Francesca Chiesi,,
"10-5E3",Martin Malaspina,,
"10-5F1",Dongdong Ji,,
"10-5F1",Jie Zhang,,
"10-5F2",Miriam King,,
"10-5F2",Lara Cleveland,,
"10-5F2",Kristen Jeffers,,
"10-5F3",Ksenija Dumicic,,
"10-5F3",Toni Milun,,
"10-5G1",Shirley Coleman,,
"10-5G2",Carla Vivacqua,,
"10-5G2",André Luís Pinho,,
"10-5G2",Marcus Nunes,,
"10-5G2",Eric Vance,,
"10-5G3",Frauke Kreuter,,
"10-5G3",Florian Keusch,,
"10-5G3",Evgenia Samoilova,,
"10-5H1",Toshiharu Eto,Miyazaki Prefectural Nursing University,Japão
"10-5H1",Hiroyuki Nakao,Miyazaki Prefectural Nursing University,Japão
"10-5H1",Noriko Matsumoto,Miyazaki Prefectural Nursing University,Japão
"10-5H1",Keiko Aoishi,Miyazaki Prefectural Nursing University,Japão
"10-5H1",Yoshio Hidaka,Miyazaki Prefectural Nursing University,Japão
"10-5H1",Yoshinori Fujii,Miyazaki Prefectural Nursing University,Japão
"10-5H2",Daniel Green,University College London,Reino Unido
"10-5H2",Eirini Koutoumanou,University College London,Reino Unido
"10-5H3",Rossi Hassad,,
"10-5H3",Gerald Iacullo,,
"10-5I1",Angela Wade,Great Ormond Street Institute of Child Health,Reino Unido
"10-5I2",Satoshi Sekiguchi,University of Miyazaki,Japão
"10-5I2",Yosuke Sasaki,University of Miyazaki,Japão
"10-5I2",Ryoko Uemura,University of Miyazaki,Japão
"10-5I2",Masuo Sueyoshi,University of Miyazaki,Japão
"10-5I2",Yoshinori Fujii,University of Miyazaki,Japão
"10-5I3",Sue Finch,,
"10-5I3",Ian Gordon,,
"10-5I3",Graham Hepworth,,
"10-5J1",Kenji Suzuki,,
"10-5J2",Takenori Takahashi,Keio University,Japão
"10-5J3",Hisakazu Shindo,,
"10-5J3",Nobuhiko Inaba,,
"10-6A1",Marie Fitch,,
"10-6A1",Stephanie Budgett,,
"10-6A2",Markus Vogel,,
"10-6A2",Katharina Böcherer-Linder,,
"10-6A3",Patrick Weber,,
"10-6A3",Stefan Krauss,,
"10-6A3",Karin Binder,,
"10-6B1",Andreas Eichler,,
"10-6B1",Katharina Böcherer-Linder,,
"10-6B2",Emilse Gómez-Torres,,
"10-6B2",Ivonne Latorre-Verano,,
"10-6B3",Malia S Puloka,,
"10-6B3",Maxine Pfannkuch,,
"10-6C1",María M. Gea,,
"10-6C1",Nuria Begué,,
"10-6C1",Carmen Batanero,,
"10-6C1",Pablo Beltrán-Pellicer,,
"10-6C3",Ernesto Sánchez,,
"10-6C3",Guadalupe Carrasco,,
"10-6C3",Mariana del Ángel Herrera,,
"10-6D1",Beatriz Adriana Rodríguez González,,
"10-6D1",Isaias Miranda Viramontes,,
"10-6D2",Adam Molnar,,
"10-6D2",Laura Behrens,,
"10-6D3",Helen Chick,,
"10-6E1",Manfred Borovcnik,,
"10-6E2",Susanne Schnell,Paderborn University,Alemanha
"10-6E3",Takuma Takayama,,
"10-6F1",Ippo Ishibashi,,
"10-6F2",Sweet Rose Leonares,,
"10-6F3",Amy Wagaman,Amherst College,Estados Unidos
"10-6G1",Vincent Martin,,
"10-6G1",Mathieu Thibault,,
"10-6G1",Normand Roy,,
"10-6G2",Judella Langcauon,,
"10-6G2",Enriqueta Reston,,
"10-6G3",J. Todd Lee,,
"10-6H1",Neil Hatfield,,
"10-6H2",Gale Russell,,
"10-6H2",Egan Chernoff,,
"10-6H3",Teresita Teran,,
"10-7A1",Rosie Ridgway,University of Durham,Reino Unido
"10-7A1",James Nicholson,University of Durham,Reino Unido
"10-7A1",Iddo Gal,University of Haifa,Israel
"10-7A2",Iddo Gal,,
"10-7A2",Irena Ograjenšek,,
"10-7A3",Paula Lopes,Universidade do Porto,Portugal
"10-7A3",Sonia Teixeira,Universidade do Porto,Portugal
"10-7A3",Pedro Campos,Universidade do Porto,Portugal
"10-7A3",Jim Ridgway,Durham University,Reino Unido
"10-7A3",James Nicholson,Durham University,Reino Unido
"10-7B1",Pim Bellinga,,
"10-7B1",Thijs Gillebaart,,
"10-7B3",Reija Helenius,,
"10-7C1",Katharina Böcherer-Linder,,
"10-7C1",Andreas Eichler,,
"10-7C1",Markus Vogel,,
"10-7C2",Karin Binder,,
"10-7C2",Stefan Krauss,,
"10-7C2",Georg Bruckmaier,,
"10-7C2",Jörg Marienhagen,,
"10-7C3",Pedro Arteaga,,
"10-7C3",J,,
"10-7C3",Manuel Vigo,,
"10-7C3",Carmen Batanero,,
"10-7C3",J. Miguel Contreras,,
"10-7D1",Francesca Chiesi,,
"10-7D1",Caterina Primi,,
"10-7D2",Rachelle Hackett,,
"10-7D2",Linda Bol,,
"10-7D3",Laura Tirlea,Swinburne University of Technology,Austrália
"10-7D3",Samuel Muir,Swinburne University of Technology,Austrália
"10-7D3",Bradley Elphinstone,Swinburne University of Technology,Austrália
"10-7D3",Minh Huynh,Swinburne University of Technology,Austrália
"10-7E1",Travis Weiland,,
"10-7E2",Timothy Kyng,,
"10-7E2",Ayse Aysin Bilgin,,
"10-7E2",Ling Li,,
"10-7E3",Charalampos Chanialidis,University of Glasgow,Reino Unido
"10-7F1",Karen François,Free University Brussels,Bélgica
"10-7F1",Carlos Eduardo Monteiro,Universidade Federal de Pernambuco,Brasil
"10-7F2",Giovanni A. Barbieri,,
"10-7F3",Joachim Engel,Ludwigsburg University of Education,Alemanha
"10-7F3",Tim Erickson,Epistemological Engineering,Estados Unidos
"10-7F3",Laura Martignon,Ludwigsburg University of Education,Alemanha
"10-7H1",Felipe Ruz,,
"10-7H1",Danilo Díaz-Levicoy,,
"10-7H1",Elena Molina-Portillo,,
"10-7H1",Karen Ruiz-Reyes,,
"10-7H3",Genelyn Ma. Sarte,,
"10-8A1",Franca Agnoli,,
"10-8A2",Rink Hoekstra,,
"10-8A2",Richard Morey,,
"10-8A2",Eric-Jan Wagenmakers,,
"10-8A3",Ian Gordon,,
"10-8B1",Fiona Fidler,,
"10-8B1",Jon Grahe,,
"10-8B1",Tim Parker,,
"10-8B2",Michele Nuijten,,
"10-8B3",Don van Ravenzwaaij,,
"10-8C1",Ana Gómez-Blancarte,,
"10-8C1",María Guadalupe Tobías-Lara,,
"10-8C2",Anelise Sabbag,,
"10-8C2",Joan Garfield,,
"10-8C2",Andrew Zieffler,,
"10-8C3",Elizabeth Fry,,
"10-8D1",Karen McGaughey,California Polytechnic State University,Estados Unidos
"10-8D1",Beth Chance,California Polytechnic State University,Estados Unidos
"10-8D1",Nathan Tintle,Dordt College,Estados Unidos
"10-8D1",Soma Roy,California Polytechnic State University,Estados Unidos
"10-8D1",Todd Swanson,Hope College,Estados Unidos
"10-8D1",Jill VanderStoep,Hope College,Estados Unidos
"10-8D2",Masha Etkind,,
"10-8D2",Theodosia Prodromou,,
"10-8D2",Uri Shafrir,,
"10-8D3",Bruce Dunham,,
"10-8D3",Gaitri Yapa,,
"10-8D3",Melissa Lee,,
"10-8E1",Luis Saldanha,Université du Québec à Montréal,Canadá
"10-8E1",Mathieu Thibault,Université du Québec à Montréal,Canadá
"10-8E2",Lonneke Boels,,
"10-8E2",Rutmer Ebbes,,
"10-8E2",Arthur Bakker,,
"10-8E2",Wim van Dooren,,
"10-8E2",Paul Drijvers,,
"10-8E3",Darren Macey,,
"10-8E3",Ellen Jameson,,
"10-8E3",Rachael Horsman,,
"10-8E3",Vinay Kathotia,,
"10-8E3",Lynne Mcclure,,
"10-8E3",Lucy Rycroft-Smith,,
"10-9A1",William Finzer,Concord Consortium,Estados Unidos
"10-9A1",Daniel Damelin,Concord Consortium,Estados Unidos
"10-9A2",Rick Hudson,University of Southern Indiana,Estados Unidos
"10-9A2",Hollylynne Lee,North Carolina State University,Estados Unidos
"10-9A2",Stephanie Casey,Eastern Michigan University,Estados Unidos
"10-9A2",William Finzer,Concord Consortium,Estados Unidos
"10-9A2",Gemma Mojica,North Carolina State University,Estados Unidos
"10-9A2",Christina Azmy,North Carolina State University,Estados Unidos
"10-9A2",Adam Eide,Eastern Michigan University,Estados Unidos
"10-9A3",Chris Wild,University of Auckland,Nova Zelândia
"10-9B1",Robert Gould,UCLA,Estados Unidos
"10-9B1",Suyen Moncado-Machado,UCLA,Estados Unidos
"10-9B1",James Molyneux,UCLA,Estados Unidos
"10-9B1",Terri Johnson,UCLA,Estados Unidos
"10-9B1",LeeAnn Trusela,UCLA,Estados Unidos
"10-9B2",Andee Rubin,TERC,Estados Unidos
"10-9B2",Jan Mokros,Maine Math and Science Alliance,Estados Unidos
"10-9B3",Tim Erickson,Epistemological Engineering,Estados Unidos
"10-9B3",William Finzer,Concord Consortium,Estados Unidos
"10-9B3",Frieda Reichsman,Concord Consortium,Estados Unidos
"10-9B3",Michelle Wilkerson,University of California - Berkeley,Estados Unidos
"10-9C1",Dean Langan,University College London,Reino Unido
"10-9C1",Angela Wade,University College London,Reino Unido
"10-9C2",Dulce Gomes,University of Coimbra,Portugal
"10-9C2",Bruno de Sousa,University of Coimbra,Portugal
"10-9C3",James Stigler,University of California,Estados Unidos
"10-9C3",Ji Son,California Polytechnic State University,Estados Unidos
"10-9D1",Pim Bellinga,Grasple,Países Baixos
"10-9D1",Thijs Gillebaart,Grasple,Países Baixos
"10-9D2",Justin Wishart,Macquarie University,Austrália
"10-9D3",Sashi Sharma,The University of Waikato,Nova Zelândia
"10-9E1",Yoshinori Fujii,University of Miyazaki,Japão
"10-9E2",Beatrice Gichohi,United States International University,Quênia
"10-9E3",Jean-Marc Meunier,Université Paris 8,França
"10-9E3",Samuel Szoniecky,Université Paris 8,França
"10-9F1",Stacey Hancock,Montana State University,Estados Unidos
"10-9F2",John Walker,California Polytechnic State University,Estados Unidos
"10-9F2",Harry Wu,California Polytechnic State University,Estados Unidos
"10-9F3",Gail Burrill,Michigan State University,Estados Unidos
"10-9G1",Oded Meyer,Georgetown University,Estados Unidos
"10-9G2",Elinor Jones,University College London,Reino Unido
"10-9G2",Simon Harden,University College London,Reino Unido
"10-9G2",Jian Yu,University College London,Reino Unido
"10-9G3",Hollylynne Lee,North Carolina State University,Estados Unidos
"10-9G3",Jennifer Lovett,Middle Tennessee State University,Estados Unidos
"10-9G3",Gemma Mojica,North Carolina State University,Estados Unidos
"10-9H1",Santiago Inzunza,Universidad Autónoma de Sinaloa,México
"10-9I1",Kady Schneiter,Utah State University,Estados Unidos
"10-9I1",Lacy Christensen,Utah State University,Estados Unidos
"10-9I1",Victor R. Lee,Utah State University,Estados Unidos
"10-9I2",Jennifer Noll,Portland State University,Estados Unidos
"10-9I2",Jason Dolor,Portland State University,Estados Unidos
"10-9I2",Kit Clement,Portland State University,Estados Unidos
"10-9I2",Dana Kirin,Portland State University,Estados Unidos
"10-9I2",Matthew Petersen,Portland State University,Estados Unidos
"10-9I3",Michael Bulmer,University of Queensland,Austrália
"10-9I3",Katelyn Doyle,University of Queensland,Austrália
"10-9J1",Andreas Eckert,Örebro University,Suécia
"10-9J2",Sohee Kang,University of Toronto,Canadá
"10-9J2",Marco Pollanen,Trent University,Canadá
"10-9J2",Sotirios Damouras,University of Toronto,Canadá
"10-9J2",Bruce Cater,Trent University,Canadá
"10-9J3",Philipp Burckhardt,Carnegie Mellon University,Estados Unidos
"10-9J3",Alexandra Chouldechova,Carnegie Mellon University,Estados Unidos
"10-9J3",Rebecca Nugent,Carnegie Mellon University,Estados Unidos
"10-9K1",Alexander White,Texas State University,Estados Unidos
"10-9K1",Layla Guyot,Texas State University,Estados Unidos
"10-9K1",Amanda Walker,Texas State University,Estados Unidos
"10-9K2",Andrej Blejec,University of Ljubljana,Eslovênia
"10-9K3",Pedro Campos,Universidade do Porto,Portugal
"10-9K3",Jorge Ribeiro,Universidade do Porto,Portugal
"10-9L1",Hirohito Sakurai,National Center for University Entrance Examinations,Japão
"10-9L1",Atsuhiro Hayashi,Nagoya Institute of Technology,Japão
"10-9L1",Masaaki Taguri,Chiba University,Japão
"10-9L2",Takafumi Kubota,Tama University,Japão
"10-9L3",Akinobu Takeuchi,Jissen Women’s University,Japão
"10-9L3",Katsuyuki Suenaga,Kagoshima Immaculate Heart College,Japão
"10-9L3",Michiko Watanabe,Keio University,Japão
"10-9M1",Jung Jin Lee,Soongsil University,Coreia do Sul
"10-9M1",Tae Rim Lee,Korea National Open University,Coreia do Sul
"10-9M2",Fumitake Sakaori,Chuo University,Japão
"10-9M3",Yumi Yahagi,Tokyo University of Information Sciences,Japão
"10-10A1",Dilhari Attygalle,,
"10-10A1",Asoka Ramanayake,,
"10-10A2",Nathan Taback,,
"10-10A3",Thina Zukiswa Maqubela,,
"10-10B1",Josefina Almeda,,
"10-10B2",Peter Howley,,
"10-10B2",Tim Roberts,,
"10-10B3",Ian Hay,University of Tasmania,Austrália
"10-10B3",Rosemary Callingham,University of Tasmania,Austrália
"06-7A2",J-P. Ottoy,Ghent University,Bélgica
"06-7A2",O. Thas,Ghent University,Bélgica
"11-101",Francisca M. Ubilla,,
"11-101",Núria Gorgorió,,
"11-102",Cassio Cristiano Giordano,,
"11-102",Fernanda Angelo Pereira,,
"11-102",Fabiano dos Santos Souza,,
"11-104",Florian Weber-Stein,,
"11-104",Joachim Engel,,
"11-105",Travis Weiland,,
"11-105",Anita Sundrani,,
"11-106",Irene Cazorla,,
"11-106",Carlos Monteiro,,
"11-106",Liliane Carvalho,,
"11-107",Rolf Biehler,Paderborn University,Alemanha
"11-108",Lucía Zapata-Cardona,,
"11-108",Diana Escobar-Franco,,
"11-108",Zaida Margot Santa-Ramírez,,
"11-108",Yilton Riascos Forero,,
"11-108",Liliana García Barco,,
"11-109",Milo Schield,,
"11-110",Shu-Min Liao,,
"11-110",Sarah Bunnell,,
"11-110",Sheila Jaswal,,
"11-111",Joachim Engel,Ludwigsburg University of Education,Alemanha
"11-111",Laura Martignon,Ludwigsburg University of Education,Alemanha
"11-112",Pendred Noyce,"Tumblehome, Inc.",Estados Unidos
"11-112",Janice Mokros,Science Education Solutions,Estados Unidos
"11-112",Jacob Sagrans,Science Education Solutions,Estados Unidos
"11-112",Laura Martin,"Tumblehome, Inc.",Estados Unidos
"11-114",Jana Asher,,
"11-118",Sarah Bansilal,,
"11-118",Jill Fielding,,
"11-118",Vince Geiger,,
"11-118",Delia North,,
"11-118",Mauren Porciúncula,,
"11-118",Karla Schreiber,,
"11-118",Iddo Gal,,
"11-119",Curtis Brown,,
"11-119",Gail Burrill,,
"11-119",Thomas Dick,,
"11-406",Roberta Schnorr Beuhring,Prefeitura Municipal de Florianópolis,Brasil
"11-406",Regina Célia Grando,Universidade Federal de Santa Catarina,Brasil
"11-421",Andreas Prömmel,Gymnasium Ernestinum Gotha,Alemanha
"11-421",Daniel Frischemeier,University of Münster,Alemanha
"11-120",Anne Patel,,
"11-120",Maxine Pfannkuch,,
"11-121",Andréa Pavan Perin,,
"11-121",Celso Ribeiro Campos,,
"11-123",Daniel Frischemeier,,
"11-123",Sibel Kazak,,
"11-123",Aisling Leavy,,
"11-123",Maria Meletiou-Mavrotheris,,
"11-123",Efi Paparistodemou,,
"11-124",Betânia Evangelista,,
"11-124",Gilda Guimarães,,
"11-124",Izabella Oliveira,,
"11-125",Maria Niedja Pereira Martins,,
"11-125",Carolina Fernandes De Carvalho,,
"11-125",Carlos Eduardo Ferreira Monteiro,,
"11-126",Tim Erickson,Epistemological Engineering,Estados Unidos
"11-127",Anna Bargagliotti,,
"11-127",Robert Gould,,
"11-128",Jocelyn D. Pallauta,,
"11-128",María M. Gea,,
"11-128",Pedro Arteaga,,
"11-128",Silvia M. Valenzuela-Ruiz,,
"11-129",Susanne Podworny,,
"11-129",Yannik Fleischer,,
"11-129",Sven Hüsing,,
"11-130",Janielly Verbisck,,
"11-130",Marilena Bittar,,
"11-130",Marianna Bosch,,
"11-130",Berta Barquero,,
"11-130",Ricardo Benito,,
"11-132",Thiago Dutra de Araújo,,
"11-132",Viviana Giampaoli,,
"11-133",Pip Arnold,,
"11-133",Christine Franklin,,
"11-135",Keli Cristina Conti,,
"11-135",Sandra Gonçalves Vilas Bôas,,
"11-136",Claudia Vásquez,,
"11-136",Israel García-Alonso,,
"11-137",Claudia Vásquez,,
"11-138",Martin Abt,,
"11-138",Katharina Loibl,,
"11-138",Timo Leuders,,
"11-138",Frank Reinhold,,
"11-139",Flavia Luíza de Lira,,
"11-139",Liliane Maria Teixeira Lima de Carvalho,,
"11-140",Jan Mokros,Science Education Solutions,Estados Unidos
"11-140",Jacob Sagrams,Science Education Solutions,Estados Unidos
"11-140",Traci Higgins,TERC,Estados Unidos
"11-140",Andee Rubin,TERC,Estados Unidos
"11-140",Ada Ren,TERC,Estados Unidos
"11-142",Andee Rubin,TERC,Estados Unidos
"11-143",Clarissa Coragem Ballejo,,
"11-143",Lori Viali,,
"11-143",María Magdalena Gea Serrano,,
"11-144",Darren Macey,,
"11-144",Lucy Rycroft-Smith,,
"11-147",Herma Casanova Morales,,
"11-147",Nicolás Sánchez Acevedo,,
"11-148",Karsten Lübke,,
"11-148",Matthias Gehrke,,
"11-150",Diêgo Maciel,,
"11-150",Gilda Guimarães,,
"11-151",Kelly Findley,,
"11-151",Nicola Justice,,
"11-151",Florian Berens,,
"11-152",Felipe Ruz,,
"11-152",Beth Chance,,
"11-152",Elsa Medina,,
"11-153",Velliyoor Nott Vimal Rao,,
"11-153",Jeffrey Kramer Bye,,
"11-153",Sashank Varma,,
"11-155",Elinor Jones,,
"11-155",Simon Harden,,
"11-155",Peter Fitch,,
"11-155",Sher Wen Kang,,
"11-156",Stella Maris Figueroa,,
"11-156",María Andrea Aznar,,
"11-156",Juan Ignacio Pastore,,
"11-157",Susan Lloyd,,
"11-157",Matthew Beckman,,
"11-157",Dennis Pearl,,
"11-157",Rebecca Passoneau,,
"11-157",Zhaohui Li,,
"11-157",Zekun Wang,,
"11-158",Emilse Gómez-Torres,Universidad Nacional de Colombia,Colômbia
"11-160",Jamie Sergeant,,
"11-160",Frances Hooley,,
"11-160",Catherine Wasiuk,,
"11-161",María Soledad Fernández,Universidad de Buenos Aires,Argentina
"11-161",Martín Graziano,Universidad de Buenos Aires,Argentina
"11-161",José Crespo,Universidad de Buenos Aires,Argentina
"11-161",Adelia González Arzac,Universidad de Buenos Aires,Argentina
"11-161",Gerardo Cueto,Universidad de Buenos Aires,Argentina
"11-161",Adriana Pérez,Universidad de Buenos Aires,Argentina
"11-162",Florian Berens,,
"11-163",Beth Chance,,
"11-163",Sophia Chung,,
"11-163",Nathan Tintle,,
"11-164",Martin Fröhlich,,
"11-164",Sven Hilbert,,
"11-164",Stefan Krauss,,
"11-165",Dorcas Modupe Okewole,,
"11-165",Ayobami Fadilat Gboyega,,
"11-165",Kayode Samuel Adekeye,,
"11-165",Olusanya Elisa Olubusoye,,
"11-166",Katelyn Mei,,
"11-166",Alex Lyford,,
"11-167",Robin Lock,St. Lawrence University,Estados Unidos
"11-168",Nicolás Sánchez Acevedo,,
"11-168",Blanca Ruiz Hernández,,
"11-168",Daniela Araya Bastías,,
"11-169",Stella Vaira,,
"11-169",Marisa Battisti,,
"11-169",Clarisa Affranchino,,
"11-171",Alexandra Kaiser,,
"11-171",Laura Martignon,,
"11-172",Wendy Johanna Lázaro Alemán,,
"11-172",Ingrith Álvarez Alfonso,,
"11-175",Ayse Aysin Bilgin,,
"11-175",Huan Lin,,
"11-177",Angie wade,,
"11-177",Eirini Koutoumanou,,
"11-178",Liliana Mabel Tauber,,
"11-178",Yanina Redondo,,
"11-178",Silvana Santellán,,
"11-178",Mariela Cravero,,
"11-179",Gabriela Pilar Cabrera,,
"11-179",Liliana Mabel Tauber,,
"11-179",Juan Antonio Gili,,
"11-179",Daniel Eduardo Romero,,
"11-404",Rossi Hassad,Mercy College,Estados Unidos
"11-180",Rachel Passmore,,
"11-180",Maxine Pfannkuch,,
"11-182",Volker Kraft,JMP Statistical Discovery LLC,Estados Unidos
"11-182",Curt Hinrichs,JMP Statistical Discovery LLC,Alemanha
"11-183",Ralf Nieszporek,,
"11-183",Birgit Griese,,
"11-183",Rolf Biehler,,
"11-184",Charlotte Bolch,,
"11-184",Hartono Tjoe,,
"11-184",Stephanie Casey,,
"11-184",Douglas Whitaker,,
"11-184",Leigh Harrell-Williams,,
"11-184",Christopher Engledowl,,
"11-184",Taylor Mule',,
"11-185",Samya de Oliveira Lima,,
"11-185",Reinaldo Feio Lima,,
"11-185",Ady Wallace Jaques Silva,,
"11-185",Cassio Cristiano Giordano,,
"11-188",Diana Warren,University of Sydney,Austrália
"11-192",Hilde Vinje,,
"11-192",Kathrine Frey Frøslie,,
"11-192",Helge Brovold,,
"11-192",Trygve Almøy,,
"11-192",Solve Sæbø,,
"11-193",thays votto,Universidade Federal do Rio Grande – FURG,Brasil
"11-193",Isadora Batisti Machado,Universidade Federal do Rio Grande – FURG,Brasil
"11-193",sheron Magalhães dos santos,Universidade Federal do Rio Grande – FURG,Brasil
"11-193",Mauren Porciúncula Moreira da Silva,Universidade Federal do Rio Grande – FURG,Brasil
"11-198",Elisabete Rambo Braga,Pontifícia Universidade Católica do Rio Grande do Sul,Brasil
"11-198",Clarissa Coragem Ballejo,Pontifícia Universidade Católica do Rio Grande do Sul,Brasil
"11-198",Lori Viali,Pontifícia Universidade Católica do Rio Grande do Sul,Brasil
"11-200",Sharleen Forbes,,
"11-201",Amita Pal,,
"11-201",Md. Zafar Anis,,
"11-202",Gaby Umbach,,
"11-202",Igor Tkalec,,
"11-203",Carlos Mantilla Duarte,,
"11-204",Layla Guyot,The University of Texas at Austin,Estados Unidos
"11-204",Alexander White,Texas State University,Estados Unidos
"11-208",Jose Garcia,,
"11-208",Malene Almeida,,
"11-209",Alberto Santana-Ortega,,
"11-209",Roselia Ramírez-Hernández,,
"11-210",Cristina Cametti,Leuven Statistics Research Center,Bélgica
"11-210",Martial Luyts,Leuven Statistics Research Center,Bélgica
"11-210",Thomas Neyens,Catholic University Leuven,Bélgica
"11-211",Carmen Batanero,,
"11-211",Nuria Begué,,
"11-211",Juan J. Ortiz,,
"11-213",Jorge Soto-Andrade,,
"11-213",Daniela Díaz-Rojas,,
"11-213",Amaranta Valdés-Zorrilla,,
"11-214",Egan Chernoff,,
"11-214",Gale Russell,,
"11-216",Amy Renelle,,
"11-216",Stephanie Budgett,,
"11-216",Egan Chernoff,,
"11-217",Rocío Álvarez-Arroyo,,
"11-217",José F. Lavela,,
"11-217",María M. Gea,,
"11-217",Carmen Batanero,,
"11-218",Stephanie Budgett,,
"11-218",Maxine Pfannkuch,,
"11-218",Malia Puloka,,
"11-219",Karin Binder,,
"11-219",Markus Vogel,,
"11-219",Katharina Böcherer-Linder,,
"11-219",Theresa Büchter,,
"11-219",Andreas Eichler,,
"11-219",Stefan Krauss,,
"11-219",Nicole Steib,,
"11-220",Manfred Borovcnik,,
"11-221",Ödön Vancsó,,
"11-221",Péter Fejes-Tóth,,
"11-221",Manfred Borovcnik,,
"11-222",Mine Dogucu,University College London,Reino Unido
"11-222",Alicia Johnson,Macalester College,Estados Unidos
"11-223",Mehdi Razzaghi,,
"11-224",Laura Martignon,Ludwigsburg University of Education,Alemanha
"11-224",Joachim Engel,Ludwigsburg University of Education,Alemanha
"11-224",Tim Erickson,Eeps Media,Estados Unidos
"11-225",Ramesh Kapadia,,
"11-225","Ayse Bilgin,",,
"11-226",Fátima Aparecida Kian,,
"11-226",Ailton Paulo Oliveira Júnior,,
"11-226",Karoline Cardoso Barão,,
"11-226",Ana Meire Oliveira Morais,,
"11-229",Péter Fejes-Tóth,,
"11-229",Ödön Vancsó,,
"11-229",Manfred Borovcnik,,
"11-230",Hiroto Fukuda,,
"11-230",Ippo Ishibashi,,
"11-232",Beatriz Adriana Rodríguez González,,
"11-232",Judith Alejandra Hernández Sánchez,,
"11-232",Eduardo Briceño Solís,,
"11-232",Darly Kú Euán,,
"11-232",Gabriela Noemí Figueroa Ibarra,,
"11-233",Eliana Inca,,
"11-233",Augusta Osorio,,
"11-233",Miluska Osorio,,
"11-233",Elizabeth Advincula,,
"11-234",Auriluci Figueiredo,Universidade Metropolitana de Santos,Brasil
"11-234",Cileda Coutinho,Pontifícia Universidade Católica de São Paulo,Brasil
"11-235",Verónica Albanese,,
"11-235",María del Mar López-Martín,,
"11-235",Carmen Aguayo-Arriagada,,
"11-235",María Burgos,,
"11-236",Neil Hatfield,,
"11-236",Luis Saldanha,,
"11-236",Caterina Primi,,
"11-236",Egan Chernoff,,
"11-237",Shunya Koga,,
"11-242",Leonor Sierra,,
"11-242",Christine Franklin,,
"11-245",Böcherer-Linder Katharina,,
"11-245",Binder Karin,,
"11-245",Büchter Theresa,,
"11-245",Eichler Andreas,,
"11-245",Krauss Stefan,,
"11-245",Steib Nicole,,
"11-245",Vogel Markus,,
"11-246",Eleazar Silvestre Castro,,
"11-246",Manuel Alfredo Urrea Bernal,,
"11-246",Miguel Napoleon Medina Delgado,,
"11-247",Saleha Naghmi Habibullah,,
"11-248",Elisa Mendoza,,
"11-248",Roberto Bula,,
"11-248",Daniel Sánchez,,
"11-248",Milagros García,,
"11-249",Alvaro Chirino Gutierrez,Universidad Mayor de San Andrés,Bolívia
"11-249",Sherli Mamani Huanca,Fundación Aru,Bolívia
"11-249",Beatriz Mamani Mamani,Fundación Aru,Bolívia
"11-250",Jacqueline Agnes da Silveira Santos,,
"11-250",Silvia Caroline Salgado Pena,,
"11-250",Vera Debora Maciel Vilhena,,
"11-250",Jose Messildo Viana Nunes,,
"11-251",Nathan Tintle,,
"11-251",Beth Chance,,
"11-251",Karen McGaughey,,
"11-350",Soledad Estrella,,
"11-350",Maritza Méndez-Reina,,
"11-350",Pedro Vidal-Szabó,,
"11-253",Sibel Kazak,,
"11-253",Jill Fielding,,
"11-253",Lucía Zapata-Cardona,,
"11-254",Leidy Nataly Mateus-Aguilera,,
"11-255",Takoua Jendoubi,,
"11-255",Niloufar Abourashchi,,
"11-256",Marjorie Bond,,
"11-256",Leyla Batakci,,
"11-256",Douglas Whitaker,,
"11-256",Wendine Bolon,,
"11-256",April Kerby-Helm,,
"11-256",Alana Unfried,,
"11-256",Michael Posner,,
"11-257",Kelly Bodwin,California Polytechnic State University,Estados Unidos
"11-257",Amelia McNamara,University of St. Thomas,Estados Unidos
"11-257",Ian Flores Siaca,Voltron Data,Estados Unidos
"11-257",Allison Theobold,California Polytechnic State University,Estados Unidos
"11-257",Amal Abdel-Ghani,University of St. Thomas,Estados Unidos
"11-258",Michael Posner,,
"11-258",April Kerby-Helm,,
"11-258",Alana Unfried,,
"11-258",Douglas Whitaker,,
"11-258",Marjorie Bond,,
"11-258",Leyla Batakci,,
"11-258",Wendine Bolon,,
"11-259",Carl Sherwood,,
"11-260",Hanan Innabi,,
"11-260",Ference Marton,,
"11-260",Jonas Emanuelsson,,
"11-261",Andréa Pavan Perin,,
"11-261",Ana Paula Gonçalves Pita,,
"11-261",Celso Ribeiro Campos,,
"11-262",Ana Luisa Gómez Blancarte,,
"11-262",Rosa Daniela Chávez Aguilar,,
"11-263",Alana Unfried,,
"11-263",Douglas Whitaker,,
"11-263",Leyla Batakci,,
"11-263",Wendine Bolon,,
"11-263",Marjorie Bond,,
"11-263",April Kerby-Helm,,
"11-263",Michael Posner,,
"11-264",Kristen Roland,,
"11-264",Jennifer Kaplan,,
"11-266",Priscila Germano dos Santos,Universidade Federal do ABC,Brasil
"11-266",Ailton Paulo Oliveira Júnior,Universidade Federal do ABC,Brasil
"11-266",Luzia Roseli Silva Santos,Universidade Federal do ABC,Brasil
"11-266",Sabrina Saito,Universidade Federal do ABC,Brasil
"11-266",Diego Marques de Carvalho,Universidade Federal do ABC,Brasil
"11-267",Sheri Johnson,,
"11-267",Chris Franklin,,
"11-268",Jennifer Kaplan,,
"11-268",Kristen Roland,,
"11-269",Jesús Guadalupe Lugo-Armenta,,
"11-269",Luis Roberto Pino-Fan,,
"11-270",Catalina Suarez-Rivera,,
"11-270",Dean Langan,,
"11-272",Alex Lyford,,
"11-272",Lonneke Boels,,
"11-273",Stacey Hancock,,
"11-273",Jeremiah Pharr,,
"11-273",Andrew Hill,,
"11-275",Jaime Andrés Gaviria Bedoya,,
"11-275",Difariney GONZALEZ GOMEZ,,
"11-275",Jhony Alexander Villa Ochoa,,
"11-276",Nicolás Fernández,,
"11-276",Jaime García-García,,
"11-276",Elizabeth H. Arredondo,,
"11-276",Isaac Imilpán,,
"11-277",Karla Schreiber,,
"11-277",Joice Machado,,
"11-277",Leonardo Greque Jr.,,
"11-277",Mauren Porciúncula,,
"11-279",Sigal Levy,,
"11-279",Yelena Stukalin,,
"11-512",Sophia Chroszczinsky,,
"11-512",Burkhard Priemer,,
"11-512",Amy Masnick,,
"11-282",Yelena Stukalin,,
"11-282",Sigal Levy,,
"11-282",Avihay Mor,,
"11-283",Rafael Bonangelo,Universidade de São Paulo - USP,Brasil
"11-283",Lisbeth Cordani,Universidade de São Paulo - USP,Brasil
"11-284",Sohee Kang,University of Toronto Scarborough,Canadá
"11-284",Justin Slater,University of Toronto,Canadá
"11-285",Laura Acion,Universidad Nacional del Nordeste,Argentina
"11-285",Yanina Bellini Saibene,Universidad Nacional Guillermo Brown,Argentina
"11-285",Mine Dogucu,Universidad Nacional Guillermo Brown,Argentina
"11-285",Nicolás Palopoli,Universidad Nacional de Quilmes - CONICET,Argentina
"11-285",Elio Campitelli,Universidad de Buenos Aires,Argentina
"11-285",Paola Corrales,Universidad de Buenos Aires,Argentina
"11-285",Patricia Loto,Universidad Nacional del Nordeste,Argentina
"11-286",Ana Luisa Gómez Blancarte,,
"11-286",José Guadalupe Rivera Pérez,,
"11-287",Anelise Sabbag,,
"11-287",Samuel Frame,,
"11-289",Marta Avalos,,
"11-289",Samia Mehouachi,,
"11-293",María Inés Stimolo,,
"11-293",Norma Patricia Caro,,
"11-293",Rosanna Beatriz Cassini,,
"11-293",Fernando García,,
"11-293",Mariana Verónica Gonzalez,,
"11-293",Adrián Maximiliano Moneta Pizarro,,
"11-293",Martín Omar Saino,,
"11-294",Naiara dos Santos,Universidade Federal de São Carlos - UFSCar,Brasil
"11-294",Jorge Luis Bazán,Universidade de São Paulo - USP,Brasil
"11-295",María Inés Stimolo,,
"11-295",Estefanía Nahas,,
"11-295",Mariana Guardiola,,
"11-296",María Cristina Kanobel,,
"11-297",Alexander White,,
"11-297",Layla Guyot,,
"11-298",Ana Luisa Gómez-Blancarte,Instituto Politécnico Nacional,México
"11-299",Charlotte Jones-Todd,University of Auckland,Nova Zelândia
"11-299",Amy Renelle,University of Auckland,Nova Zelândia
"11-300",John Harraway,University of Otago,Nova Zelândia
"11-300",Matthew Schofield,University of Otago,Nova Zelândia
"11-300",Jessica Allen,University of Otago,Nova Zelândia
"11-301",Stephanie Budgett,University of Auckland,Nova Zelândia
"11-301",Azam Asanjarani,University of Auckland,Nova Zelândia
"11-301",Heti Afimeimounga,University of Auckland,Nova Zelândia
"11-303",Lisa Birk,University of Münster,Alemanha
"11-305",Michal Dvir,University of Haifa,Israel
"11-305",Dina Tsybulsky,Technion Israel Institute of Technology,Israel
"11-306",Leticia Perez,WestEd,Estados Unidos
"11-306",Sheri Johnson,The Mount Vernon School,Estados Unidos
"11-306",Pip Arnold,Karekare Education Limited,Nova Zelândia
"11-308",Yannik Fleischer,Paderborn University,Alemanha
"11-308",Sven Hüsing,Paderborn University,Alemanha
"11-308",Rolf Biehler,Paderborn University,Alemanha
"11-308",Susanne Podworny,Paderborn University,Alemanha
"11-308",Carsten Schulte,Paderborn University,Alemanha
"11-309",Gian Carlo Diluvi,University of British Columbia,Canadá
"11-309",Bruce Dunham,University of British Columbia,Canadá
"11-309",Nancy Heckman,University of British Columbia,Canadá
"11-309",Melissa Lee,University of British Columbia,Canadá
"11-309",Rodolfo Lourenzutti,University of British Columbia,Canadá
"11-311",Ailton Paulo Oliveira Júnior,,
"11-311",Nilceia Datori Barbosa,,
"11-311",Natália Galvão Simão de Souza,,
"11-311",Anneliese Oliveira Lozada,,
"11-312",Fumihiko Mitsunaga,Nishiyamato Gakuen High School,Japão
"11-312",Hiroki Oura,Tokyo University of Science,Japão
"11-312",Ryo Yoshikawa,Nagoya Bunri University,Japão
"11-312",Wakako Fushikida, Tokyo Metropolitan University,Japão
"11-313",Frederik De Keersmaeker,Ghent University,Bélgica
"11-313",Eva Vangenechten,Ghent University,Bélgica
"11-313",Erik Fransen,University of Antwerp,Bélgica
"11-313",Els Goetghebeur,Ghent University,Bélgica
"11-314",Chibueze Ogbonnaya,University College London,Reino Unido
"11-315",José Ronaldo Alves Araújo,Pontifícia Universidade Católica de São Paulo,Brasil
"11-315",Celina Aparecida Almeida Pereira Abar,Pontifícia Universidade Católica de São Paulo,Brasil
"11-315",Zsolt Lavicza,Pontifícia Universidade Católica de São Paulo,Brasil
"11-316",Marisa Battisti,Universidad Nacional de Entre Ríos,Argentina
"11-316",Diana Kohan,Universidad Nacional de Entre Ríos,Argentina
"11-317",Silvia N. Pérez,,
"11-317",Monica Giuliano,,
"11-318",Jazmine Escobar-Perez,,
"11-318",Aura Nidia Herrera-Rojas,,
"11-321",Gail Burrill,Michigan State University,Estados Unidos
"11-322",John Edison Niño Parra,,
"11-322",Ingrith Álvarez Alfonso,,
"11-323",Amy Renelle,,
"11-323",Rhys Jones,,
"11-324",Mayra Darly da Silva,,
"11-324",Liliane Maria Teixeira Lima de Carvalho,,
"11-326",Vera Debora Maciel Vilhena,,
"11-326",Maria de Fátima Vilhena Silva,,
"11-326",Reinaldo Feio Lima,,
"11-328",Sashi Sharma,,
"11-330",Yilton Riascos Forero,,
"11-331",Marcos Nascimento Magalhães,,
"11-334",María José Bianco,,
"11-336",Norma Patricia Caro,,
"11-336",María Ines Ahumada,,
"11-336",Verónica Arias,,
"11-337",Pablo Ortiz,,
"11-337",Martín Saino,,
"11-338",Peter Oseghale Ohue,,
"11-338",Dorcas Modupe Okewole,,
"11-338",Olalekan Joseph Akintade,,
"11-338",Oluyemi Adewole Okunlola,,
"11-338",Hope Ifeyinwa Mbachu,,
"11-338",Olusanya Elisa Olubusoye,,
"11-413",Teresita Terán,,
"11-413",Augusto Nascimbene,,
"11-339",Thomas Honnor,,
"11-339",Niloufar Abourashchi,,
"11-339",Matina Rassias,,
"11-342",Carol Blumberg,,
"11-342",Rebecca Nichols,,
"11-342",Megan Murphy,,
"11-343",Andreas Mayr,,
"11-343",Thomas Kneib,,
"11-343",Bruno de Sousa,,
"11-343",Tobias Fleckenstein,,
"11-344",Sara Stoudt,,
"11-344",Deborah Nolan,,
"11-345",Alison Gibbs,,
"11-346",Mónica Balzarini,,
"11-346",Cecilia Bruno,,
"11-346",Teresa Boca,,
"11-346",Franca Giannini Kurina,,
"11-346",Pablo Paccioretti,,
"11-346",Adriana Pérez,,
"11-346",Silvia Sühring,,
"11-347",Tania Prvan,,
"11-347",Ayse Aysin Bilgin,,
